pick_id,batch,tipster,sport,event,market,side,number,price,posted_at,game_date,game_start_et,source_url,alt_source_url,espn_game_id,status,game_final,final_score,box_score_url,graded_at,grade_method,flags,notes,export_index
0118581fe2b8a0b024dff3b4ade9f3d415817f575eca1878f3995b4ee5af1ece,verified,Ryan Minion (Action Network),CFB,Notre Dame Fighting Irish @ Purdue Boilermakers,spread,Notre Dame,-27.5,,2026-09-26 12:16 ET,2026-09-26,,https://www.actionnetwork.com/ncaaf/notre-dame-fighting-irish-vs-purdue-boilermakers-prediction-pick-odds-college-football-saturday-september-26,,401858467,WIN,true,"Notre Dame Fighting Irish 49, Purdue Boilermakers 10",https://www.espn.com/college-football/game/_/gameId/401858467,,manual,price-unstated,,205
017739f4e190ba8b61c88c5d5d26a73b5d2fe393b091f43d8ae7579947fdb67b,verified,Rob Paul (Covers),CFB,Texas Longhorns @ Tennessee Volunteers,total,Over,55.5,,2026-09-26 09:05 ET,2026-09-26,,https://www.covers.com/ncaaf/texas-vs-tennessee-prediction-top-picks-odds-best-bets-today-sept-26-2026,,401856704,LOSS,true,"Texas Longhorns 20, Tennessee Volunteers 17",https://www.espn.com/college-football/game/_/gameId/401856704,,manual,price-unstated,,74
02e65827861bbe0c8675b625bc92f9040c5746c698ad9b7da46d62c1cfe7275e,verified,Quinn Allen (Covers),MLB,Atlanta Braves @ Miami Marlins,moneyline,Atlanta Braves,,,2026-09-25 08:52 ET,2026-09-25,,https://www.covers.com/mlb/moneyline-picks-friday-9-25-2026,,401817072,LOSS,true,"Atlanta Braves 0, Miami Marlins 3",https://www.espn.com/mlb/game/_/gameId/401817072,,manual,price-unstated,,38
02e9aafb90a33f42f7e4cbf1860b86debf92f925d245d90936a7a394f9568dd4,verified,Todd Cordell (Covers),MLB,Los Angeles Dodgers @ San Francisco Giants,total,Under,7.5,,2026-09-26 09:38 ET,2026-09-26,,https://www.covers.com/mlb/dodgers-vs-giants-prediction-picks-odds-saturday-9-26-2026,,401817101,WIN,true,"Los Angeles Dodgers 4, San Francisco Giants 3",https://www.espn.com/mlb/game/_/gameId/401817101,,manual,price-unstated,,112
044f13fe4e18b2fe063778a09f3df7257e7b281eff109aed675ce6f926d181fc,verified,Todd Cordell (Covers),MLB,Arizona Diamondbacks @ San Diego Padres,total,Under,8.5,,2026-09-27 09:23 ET,2026-09-27,,https://www.covers.com/mlb/diamondbacks-vs-padres-prediction-picks-odds-sunday-9-27-2026,,401817114,LOSS,true,"Arizona Diamondbacks 4, San Diego Padres 9",https://www.espn.com/mlb/game/_/gameId/401817114,,manual,price-unstated,,106
0618862c5c1a2dd00ea3227fa03d2d4f9c5b76aff59fd74a78c7068dbc56ae11,verified,Joshua Nunn (Action Network),CFB,Murray State Racers @ Oklahoma State Cowboys,total (1H),1H Over,41.5,,2026-09-19 06:06 ET,2026-09-19,,https://www.actionnetwork.com/ncaaf/murray-state-racers-vs-oklahoma-state-cowboys-prediction-pick-odds-college-football-saturday-september-19,,401856803,LOSS,true,"Murray State Racers 0, Oklahoma State Cowboys 59 [1H: MUR 0, OKST 31]",https://www.espn.com/college-football/game/_/gameId/401856803,,manual,price-unstated;partial-game;manual-grade,,183
084ad341db9ef38381780e272bae459af96182243997a23060846df15ec52674,verified,Jason Logan (Covers),NFL,Philadelphia Eagles @ Chicago Bears,total,Under,43.5,,2026-09-22 09:39 ET,2026-09-28,,https://www.covers.com/nfl/eagles-vs-bears-predictions-odds-early-leans-week-3-2026,,401872963,WIN,true,"Philadelphia Eagles 7, Chicago Bears 27",https://www.espn.com/nfl/game/_/gameId/401872963,,manual,price-unstated,,21
08e17359bd998e176c1d2cc4402ea403cae6f69178e2e8f9949ec8918179a192,verified,Dustin Saracini (Covers),NFL,Minnesota Vikings @ Tampa Bay Buccaneers,total,Under,42.5,,2026-09-21 15:37 ET,2026-09-27,,https://www.covers.com/nfl/vikings-vs-buccaneers-predictions-odds-early-leans-week-3-2026,,401872959,WIN,true,"Minnesota Vikings 23, Tampa Bay Buccaneers 16",https://www.espn.com/nfl/game/_/gameId/401872959,,manual,price-unstated,,152
09e21deb04fb880fe298bb5783fdad4012384761d2f7582236f58466a03ae4a4,verified,Quinn Allen (Covers),MLB,Tampa Bay Rays @ Philadelphia Phillies,total,Over,6.5,,2026-09-25 14:31 ET,2026-09-25,,https://www.covers.com/mlb/rays-vs-phillies-prediction-picks-odds-friday-9-25-2026,,401817078,LOSS,true,"Tampa Bay Rays 2, Philadelphia Phillies 0",https://www.espn.com/mlb/game/_/gameId/401817078,,manual,price-unstated,,34
0b50e39e7bc06e29a5e88b205ff8590421e00945cc7a7c249dad19816d551e67,verified,Quinn Allen (Covers),MLB,Washington Nationals @ Detroit Tigers,total,Over,7.5,,2026-09-23 07:47 ET,2026-09-23,,https://www.covers.com/mlb/nationals-vs-tigers-prediction-picks-odds-wednesday-9-23-2026,,401817051,LOSS,true,"Washington Nationals 4, Detroit Tigers 2",https://www.espn.com/mlb/game/_/gameId/401817051,,manual,price-unstated,,60
0b7665bb2e3aef2bf974c841e37392a170b1542f63e3ab74ff5be85c843ff58e,verified,Jon Metler (Covers),MLB,San Diego Padres @ Los Angeles Dodgers,moneyline,Los Angeles Dodgers,,,2026-09-22 17:21 ET,2026-09-22,,https://www.covers.com/mlb/expert-picks-at-prediction-markets-tuesday-sept-22-2026,,401817044,WIN,true,"San Diego Padres 0, Los Angeles Dodgers 7",https://www.espn.com/mlb/game/_/gameId/401817044,,manual,price-unstated,,167
0e1fe66f185c12a6100ef11bb8c9ed661e1aec70331bad0c6679e4647f345cf7,verified,Jason Logan (Covers),NFL,Pittsburgh Steelers @ Cleveland Browns,total,Under,37.5,,2026-09-29 22:16 ET,2026-10-01,2026-10-01 20:15 ET,https://www.covers.com/nfl/steelers-vs-browns-predictions-odds-early-leans-week-4-2026,,401872964,LOSS,true,"Pittsburgh Steelers 24, Cleveland Browns 27",https://www.espn.com/nfl/game/_/gameId/401872964,2026-10-02T11:46:00-04:00,auto-espn,price-unstated,,222
10746ac29967d193d29bffd9cb0b74629e5325dc76dfc3f75b135e6648616aed,verified,Todd Cordell (Covers),MLB,Houston Astros @ Seattle Mariners,moneyline,Seattle Mariners,,,2026-09-22 11:14 ET,2026-09-22,,https://www.covers.com/mlb/astros-vs-mariners-prediction-picks-odds-tuesday-9-22-2026,,401817042,LOSS,true,"Houston Astros 7, Seattle Mariners 0",https://www.espn.com/mlb/game/_/gameId/401817042,,manual,price-unstated,,129
11e872c40547157e0cf6ddc89aa865b9b1e1f160b59c607d73598760e3bd3bbf,verified,Quinn Allen (Covers),MLB,Tampa Bay Rays @ Philadelphia Phillies,moneyline,Tampa Bay Rays,,,2026-09-25 14:31 ET,2026-09-25,,https://www.covers.com/mlb/rays-vs-phillies-prediction-picks-odds-friday-9-25-2026,,401817078,WIN,true,"Tampa Bay Rays 2, Philadelphia Phillies 0",https://www.espn.com/mlb/game/_/gameId/401817078,,manual,price-unstated,,33
1428ee9dfbe86015721cafeb9f271dd7a9cd20d2a3e7477e5049ced979405e05,verified,Quinn Allen (Covers),MLB,Los Angeles Angels @ Seattle Mariners,moneyline,Seattle Mariners,,,2026-09-24 10:56 ET,2026-09-24,,https://www.covers.com/mlb/moneyline-picks-thursday-9-24-2026,,401817069,LOSS,true,"Los Angeles Angels 6, Seattle Mariners 4",https://www.espn.com/mlb/game/_/gameId/401817069,,manual,price-unstated,,57
146e46bad5bde140006f67853bc00df75f02c1170d41c8ed0d872fd180c90603,verified,Jason Logan (Covers),NFL,Jacksonville Jaguars @ Denver Broncos,total,Over,44.5,,2026-09-15 12:04 ET,2026-09-20,,https://www.covers.com/nfl/jaguars-vs-broncos-predictions-odds-early-leans-week-2-2026,,401872940,LOSS,true,"Jacksonville Jaguars 13, Denver Broncos 20",https://www.espn.com/nfl/game/_/gameId/401872940,,manual,price-unstated,,31
14c7e231c3d4c523cf2a9fcb2c1f0366b88ef5403a250526927ccc3c8c68d279,verified,Dustin Saracini (Covers),MLB,Cleveland Guardians @ Boston Red Sox,total,Over,6.5,,2026-09-24 10:40 ET,2026-09-24,,https://www.covers.com/mlb/guardians-vs-red-sox-prediction-picks-odds-thursday-9-24-2026,,401817061,LOSS,true,"Cleveland Guardians 1, Boston Red Sox 0",https://www.espn.com/mlb/game/_/gameId/401817061,,manual,price-unstated,,151
190dc1039fceb5f6019350635247a92e0418f3eac8463fe2ac635a23d0de4290,verified,Todd Cordell (Covers),MLB,Boston Red Sox @ Tampa Bay Rays,total,Over,7.5,,2026-09-19 09:51 ET,2026-09-19,,https://www.covers.com/mlb/red-sox-vs-rays-prediction-picks-odds-saturday-9-19-2026,,401816998,LOSS,true,"Boston Red Sox 1, Tampa Bay Rays 2",https://www.espn.com/mlb/game/_/gameId/401816998,,manual,price-unstated,,134
1b357ae86a7548605cb2a1e03b6995ccfbb99922c5ae0c8c055eaf7305729183,verified,Chris Hatfield (Covers),MLB,Tampa Bay Rays @ New York Yankees,total,Under,7.5,,2026-09-22 09:52 ET,2026-09-22,,https://www.covers.com/mlb/rays-vs-yankees-prediction-picks-odds-tuesday-9-22-2026,,401873648,WIN,true,"Tampa Bay Rays 0, New York Yankees 2",https://www.espn.com/mlb/game/_/gameId/401873648,,manual,price-unstated,,96
1c8c44fc401431435bdaa5f640957ba4942f17b4fc50326aec3297c1dc294880,verified,Todd Cordell (Covers),MLB,Cleveland Guardians @ Kansas City Royals,moneyline,Cleveland Guardians,,,2026-09-27 08:51 ET,2026-09-27,,https://www.covers.com/mlb/guardians-vs-royals-prediction-picks-odds-sunday-9-27-2026,,401817109,LOSS,true,"Cleveland Guardians 2, Kansas City Royals 3",https://www.espn.com/mlb/game/_/gameId/401817109,,manual,price-unstated,,107
1e45a75d11b0a6f8f2ae51730e344e57ae05f3165b47ecdc4966d07b5a189af8,verified,Todd Cordell (Covers),MLB,San Francisco Giants @ Los Angeles Dodgers,run_line,Los Angeles Dodgers,-1.5,,2026-09-19 11:41 ET,2026-09-19,,https://www.covers.com/mlb/giants-vs-dodgers-prediction-picks-odds-saturday-9-19-2026,,401817011,WIN,true,"San Francisco Giants 4, Los Angeles Dodgers 10",https://www.espn.com/mlb/game/_/gameId/401817011,,manual,price-unstated,,131
201647f6d9c240e092a8ac7eafaaee01a92a99aa6afffafd5e1c6dcf8ee82059,verified,Quinn Allen (Covers),MLB,New York Mets @ Texas Rangers,moneyline,New York Mets,,,2026-09-22 10:08 ET,2026-09-22,,https://www.covers.com/mlb/mets-vs-rangers-prediction-picks-odds-tuesday-9-22-2026,,401817039,WIN,true,"New York Mets 6, Texas Rangers 3",https://www.espn.com/mlb/game/_/gameId/401817039,,manual,price-unstated,,63
206720c16075bef53bfe4d4ca3c679fbe8e76937f9792b49840bc60a18ba5d7e,verified,Jason Logan (Covers),NFL,New York Jets @ Chicago Bears,spread,Chicago Bears,-3.5,,2026-09-29 12:39 ET,2026-10-04,,https://www.covers.com/nfl/jets-vs-bears-prediction-picks-odds-early-leans-week-4-2026,,,PENDING,false,Not final,,,,price-unstated,,233
206a64a4bfd12c5585a060e73d05f28f0f2e866ccf19f7ffc23b7a526e6d5cc3,verified,Chris Hatfield (Covers),MLB,Milwaukee Brewers @ Baltimore Orioles,total,Under,7.5,,2026-09-20 13:21 ET,2026-09-20,,https://www.covers.com/mlb/brewers-vs-orioles-prediction-picks-odds-sunday-9-20-2026,,401817016,WIN,true,"MIL 3, BAL 0 (3 runs)",https://www.espn.com/mlb/recap/_/gameId/401817016,,manual,price-unstated;manual-grade,,8
2104e8f09169b670b738d670d873ecaac62d15d4b9c53917af3573791db017d8,verified,Todd Cordell (Covers),MLB,Chicago White Sox @ Houston Astros,moneyline,Houston Astros,,,2026-09-30 14:48 ET,2026-09-30,,https://www.covers.com/mlb/white-sox-vs-astros-prediction-picks-odds-wednesday-9-30-2026,,401907897,LOSS,true,"Chicago White Sox 7, Houston Astros 3",https://www.espn.com/mlb/game/_/gameId/401907897,,manual,price-unstated,,217
217ccccb622432d7b047dd93bae74bf4616585145f91eb2383035103a576d39f,verified,RoadToCFB (Action Network),CFB,TCU Horned Frogs @ UCF Knights,moneyline,TCU Horned Frogs,,-150,2026-09-26 12:17 ET,2026-09-26,,https://www.actionnetwork.com/ncaaf/tcu-horned-frogs-vs-ucf-knights-prediction-pick-odds-ncaaf-saturday-september-26,,401856815,LOSS,true,"TCU Horned Frogs 13, UCF Knights 21",https://www.espn.com/college-football/game/_/gameId/401856815,,manual,,,187
21fb5969b7ca32c64c6e6d8322a8b92c722ca1b1d396b83e05b225a7319b5e73,verified,Chris Hatfield (Covers),CFB,Georgia Bulldogs @ Arkansas Razorbacks,spread,Georgia Bulldogs,-24.5,,2026-09-19 09:03 ET,2026-09-19,,https://www.covers.com/ncaaf/georgia-vs-arkansas-prediction-picks-odds-best-bets-today-sept-19-2026,,401856686,WIN,true,"Georgia Bulldogs 45, Arkansas Razorbacks 17",https://www.espn.com/college-football/game/_/gameId/401856686,,manual,price-unstated,,99
23572e7b7ebb9e356f2daa7076b5c0b9399e84e8700831692994c8fbfc7cdce7,verified,Todd Cordell (Covers),MLB,Cleveland Guardians @ Kansas City Royals,run_line,Kansas City Royals,1.5,,2026-09-26 10:01 ET,2026-09-26,,https://www.covers.com/mlb/guardians-vs-royals-prediction-picks-odds-saturday-9-26-2026,,401817094,LOSS,true,"Cleveland Guardians 11, Kansas City Royals 5",https://www.espn.com/mlb/game/_/gameId/401817094,,manual,price-unstated,,109
23657fa1dc03bb313e304b6b79f8f8a3f5418b5365523e60558f82491a010d5b,verified,Quinn Allen (Covers),MLB,Texas Rangers @ Minnesota Twins,moneyline,Texas Rangers,,,2026-09-25 08:52 ET,2026-09-25,,https://www.covers.com/mlb/moneyline-picks-friday-9-25-2026,,401817082,LOSS,true,"Texas Rangers 2, Minnesota Twins 10",https://www.espn.com/mlb/game/_/gameId/401817082,,manual,price-unstated,,42
23d3d230174cf780e4db1dd21d0ea61c0c0fb56c1634fec89ee989b71bdcfdbc,verified,Quinn Allen (Covers),MLB,Cleveland Guardians @ Boston Red Sox,moneyline,Boston Red Sox,,,2026-09-24 10:56 ET,2026-09-24,,https://www.covers.com/mlb/moneyline-picks-thursday-9-24-2026,,401817061,LOSS,true,"Cleveland Guardians 1, Boston Red Sox 0",https://www.espn.com/mlb/game/_/gameId/401817061,,manual,price-unstated,,53
240e200dcb5cc50f4404d49f0ea1bc206ba5cbcadada6e04be74447588ce1c1e,verified,Jason Logan (Covers),NFL,Atlanta Falcons @ Green Bay Packers,spread,Atlanta Falcons,7.5,,2026-09-22 08:11 ET,2026-09-24,,https://www.covers.com/nfl/falcons-vs-packers-predictions-odds-early-leans-week-3-2026,,401872948,WIN,true,"Atlanta Falcons 35, Green Bay Packers 14",https://www.espn.com/nfl/game/_/gameId/401872948,,manual,price-unstated,,22
25681615f08ab59cce2183879d40ce85e34905660a59ab907175ede72c788002,verified,Rob Paul (Covers),CFB,North Texas Mean Green @ Tulsa Golden Hurricane,total,Under,57.5,,2026-09-30 11:49 ET,2026-10-01,2026-10-01 21:00 ET,https://www.covers.com/ncaaf/north-texas-vs-tulsa-prediction-picks-odds-oct-1-2026,,401862786,LOSS,true,"North Texas Mean Green 45, Tulsa Golden Hurricane 44",https://www.espn.com/college-football/game/_/gameId/401862786,2026-10-02T11:46:00-04:00,auto-espn,price-unstated,Final/OT,223
26b719959847857b2b5d25785a9c6c7898f8f190c630a2f17ccb5cd2525e0f74,verified,Todd Cordell (Covers),MLB,Cleveland Guardians @ Boston Red Sox,total,Under,6.5,,2026-09-22 17:24 ET,2026-09-22,,https://www.covers.com/mlb/guardians-vs-red-sox-prediction-picks-odds-tuesday-9-22-2026,,401817031,WIN,true,"Cleveland Guardians 3, Boston Red Sox 2",https://www.espn.com/mlb/game/_/gameId/401817031,,manual,price-unstated,,128
277c7fe0b7933734f37b259c141725e228b9158bf63d0612ab5a2a2336c5aef0,verified,Joe Osborne (Covers),NFL,Indianapolis Colts @ Kansas City Chiefs,total,Under,46.5,,2026-09-20 14:41 ET,2026-09-20,,https://www.covers.com/nfl/colts-vs-chiefs-expert-picks-sept-20-week-2-2026,,401872945,LOSS,true,"Indianapolis Colts 30, Kansas City Chiefs 33",https://www.espn.com/nfl/game/_/gameId/401872945,,manual,price-unstated,,157
281bb7ff3a1eca4ae23412f742e75bcaf8a226ddc541ae87393f904ac27bca1e,verified,Dustin Saracini (Covers),MLB,Cincinnati Reds @ Toronto Blue Jays,moneyline,Toronto Blue Jays,,,2026-09-25 11:42 ET,2026-09-25,,https://www.covers.com/mlb/expert-picks-at-prediction-markets-friday-sept-25-2026,,401817075,WIN,true,"Cincinnati Reds 5, Toronto Blue Jays 6",https://www.espn.com/mlb/game/_/gameId/401817075,,manual,price-unstated,,164
2827636c52b0a76fb5600ffa5f5da2d4b35e02713c1c2b257f2dc705bf149c09,verified,Quinn Allen (Covers),MLB,Cleveland Guardians @ Kansas City Royals,moneyline,Cleveland Guardians,,,2026-09-25 08:52 ET,2026-09-25,,https://www.covers.com/mlb/moneyline-picks-friday-9-25-2026,,401817079,WIN,true,"Cleveland Guardians 12, Kansas City Royals 9",https://www.espn.com/mlb/game/_/gameId/401817079,,manual,price-unstated,,39
2915ba080b970d56e5ce37ddc46cac5f007c2f1b4ff3a573a5aa42c4dc68fbeb,verified,Joshua Nunn (Action Network),CFB,Eastern Washington Eagles @ Washington Huskies,total (1H),1H Over,33,,2026-09-19 17:25 ET,2026-09-19,,https://www.actionnetwork.com/ncaaf/eastern-washington-eagles-vs-washington-huskies-prediction-pick-odds-ncaaf-saturday-sept-19,,401858459,WIN,true,"Eastern Washington Eagles 16, Washington Huskies 48 [1H: EWU 10, WASH 31]",https://www.espn.com/college-football/game/_/gameId/401858459,,manual,price-unstated;partial-game;manual-grade,,180
29ccfac58c11251301ac09feff26a9c6a21e5e42dc837b99de37db3b5c2dc984,verified,Joe Osborne (Covers),NFL,Minnesota Vikings @ Chicago Bears,team_total,Chicago Bears team total Over,27.5,,2026-09-19 19:58 ET,2026-09-20,,https://www.covers.com/nfl/over-under-predictions-combo-week-2-2026,,401872937,LOSS,true,"Minnesota Vikings 9, Chicago Bears 3",https://www.espn.com/nfl/game/_/gameId/401872937,,manual,price-unstated,,143
2aa1ca459852cecd28ba75509c60dd9b1138f975d7768ce5305ec01f5c116ef8,verified,Jon Metler (Covers),MLB,Arizona Diamondbacks @ San Diego Padres,moneyline,Arizona Diamondbacks,,,2026-09-25 11:42 ET,2026-09-25,,https://www.covers.com/mlb/expert-picks-at-prediction-markets-friday-sept-25-2026,,401817084,WIN,true,"Arizona Diamondbacks 11, San Diego Padres 4",https://www.espn.com/mlb/game/_/gameId/401817084,,manual,price-unstated,,162
2d19273b5f052b01f15877a7cfcad15cf632115f26e8321b7bea9accd6e5e25a,verified,RoadToCFB (Action Network),CFB,Coastal Carolina Chanticleers @ Delaware Blue Hens,spread,Coastal Carolina,4.5,,2026-09-19 09:48 ET,2026-09-19,,https://www.actionnetwork.com/ncaaf/coastal-carolina-chanticleers-vs-delaware-blue-hens-prediction-pick-odds-college-football-saturday-september-19,,401869940,LOSS,true,"Coastal Carolina Chanticleers 14, Delaware Blue Hens 22",https://www.espn.com/college-football/game/_/gameId/401869940,,manual,price-unstated,,194
2de8803b6c906ddcebbf3d548501aaa0f056e3548f0eb22c6473fee17e3b7727,verified,Quinn Allen (Covers),MLB,Washington Nationals @ Detroit Tigers,moneyline,Detroit Tigers,,,2026-09-21 07:20 ET,2026-09-21,,https://www.covers.com/mlb/nationals-vs-tigers-prediction-picks-odds-monday-9-21-2026,,401817028,WIN,true,"Washington Nationals 2, Detroit Tigers 9",https://www.espn.com/mlb/game/_/gameId/401817028,,manual,price-unstated,,69
2e47e190707783758f938b5e143a6ec63b5bb32f3e54a48d2e3f2547478e9859,verified,Jason Logan (Covers),NFL,Los Angeles Rams @ Philadelphia Eagles,moneyline,Los Angeles Rams,,,2026-09-29 13:10 ET,2026-10-04,,https://www.covers.com/nfl/rams-vs-eagles-prediction-picks-odds-early-leans-week-4-2026,,,PENDING,false,Not final,,,,price-unstated,,231
2f39ed27d1af2fec48f2452a8decd93600320674ad98cb1cb6f016fab8451b9a,verified,Rob Paul (Covers),CFB,North Dakota State Bison @ Sacramento State Hornets,spread,North Dakota State Bison,-27.5,,2026-09-19 08:24 ET,2026-09-19,,https://www.covers.com/ncaaf/group-of-6-picks-week-3-2026,,401864507,LOSS,true,"North Dakota State Bison 31, Sacramento State Hornets 10",https://www.espn.com/college-football/game/_/gameId/401864507,,manual,price-unstated,,92
3059f8a44402742d7e3000695fcba719f55f543580f10c91047fa69f4adbdfbe,verified,Chris Hatfield (Covers),CFB,Ole Miss Rebels @ Florida Gators,moneyline,Ole Miss Rebels,,,2026-09-26 11:25 ET,2026-09-26,,https://www.covers.com/ncaaf/ole-miss-vs-florida-prediction-picks-odds-today-sept-26-2026,,401856699,LOSS,true,"Ole Miss Rebels 28, Florida Gators 52",https://www.espn.com/college-football/game/_/gameId/401856699,,manual,price-unstated,,94
31121091a5064f64038f5140f1ccfd454468d1c0c4c4a94a4536a86888bad626,verified,Joshua Nunn (Action Network),CFB,Northern Arizona Lumberjacks @ Montana State Bobcats,spread,Montana State,-19.5,,2026-09-26 06:31 ET,2026-09-26,,https://www.actionnetwork.com/ncaaf/northern-arizona-lumberjacks-vs-montana-state-bobcats-prediction-pick-odds-college-football-saturday-september-26,,401868120,LOSS,true,"Northern Arizona Lumberjacks 14, Montana State Bobcats 28",https://www.espn.com/college-football/game/_/gameId/401868120,,manual,price-unstated,,174
3173646ffb56226697ebe55f8b57a1dd3271a4479cc7671adba64b6215e1279e,verified,Joe Osborne (Covers),MLB,Texas Rangers @ Minnesota Twins,total,Over,7,,2026-09-25 11:42 ET,2026-09-25,,https://www.covers.com/mlb/expert-picks-at-prediction-markets-friday-sept-25-2026,,401817082,WIN,true,"Texas Rangers 2, Minnesota Twins 10",https://www.espn.com/mlb/game/_/gameId/401817082,,manual,price-unstated,,163
3196988cd0c19a872fd50aa81b99da728b5290b51b9af2330caf9fc177ab5f37,verified,Dustin Saracini (Covers),NFL,New England Patriots @ Buffalo Bills,total,Under,48.5,,2026-09-28 14:58 ET,2026-10-04,,https://www.covers.com/nfl/patriots-vs-bills-predictions-odds-early-leans-week-4-2026,,,PENDING,false,Not final,,,,price-unstated,,242
3277f49f2f3ee0628a0262050c60056306f6e6801c1c56180607909b55fc3251,verified,Jason Logan (Covers),NFL,Minnesota Vikings @ Chicago Bears,spread,Bears,-5.5,,2026-09-14 12:53 ET,2026-09-20,,https://www.covers.com/nfl/predictions-to-bet-now-bet-later-week-2-2026,,401872937,LOSS,true,"MIN 9, CHI 3",https://www.espn.com/nfl/recap/_/gameId/401872937,,manual,price-unstated;manual-grade,,4
33504fbeacfeb7c090a8d737bde22d5acf5e0f10ae58aab3675041e9c51243a1,verified,Joshua Nunn (Action Network),CFB,Florida International Panthers @ Florida Atlantic Owls,spread,FIU,7,,2026-09-19 08:11 ET,2026-09-19,,https://www.actionnetwork.com/ncaaf/week-3-college-football-picks-predictions-under-the-radar-ncaaf-games-saturday-sept-19,,401862771,WIN,true,"Florida International Panthers 10, Florida Atlantic Owls 16",https://www.espn.com/college-football/game/_/gameId/401862771,,manual,price-unstated;manual-grade,,182
33be690ec5074672547e9a20da3df8255aab5c04bedcf2062370a8b5aa663923,verified,Joe Osborne (Covers),NFL,Atlanta Falcons @ Green Bay Packers,total,Under,44.5,,2026-09-24 17:31 ET,2026-09-24,,https://www.covers.com/nfl/falcons-vs-packers-expert-picks-week-3-2026,,401872948,LOSS,true,"Atlanta Falcons 35, Green Bay Packers 14",https://www.espn.com/nfl/game/_/gameId/401872948,,manual,price-unstated,,140
35cad4accf6652cef19f1fdc824e22106084e733b500b5fd806964250536d84b,verified,Jason Logan (Covers),NFL,New York Giants @ Los Angeles Rams,total,Over,48.5,,2026-09-16 08:28 ET,2026-09-21,,https://www.covers.com/nfl/giants-vs-rams-predictions-odds-early-leans-week-2-2026,,401872947,LOSS,true,"New York Giants 6, Los Angeles Rams 28",https://www.espn.com/nfl/game/_/gameId/401872947,,manual,price-unstated,,29
35eaab05a1cda766a0271e482760f278372dd98283717cef191f0cbf0545530f,verified,Rob Paul (Covers),CFB,Colorado State Rams @ UTSA Roadrunners,spread,Colorado State Rams,13.5,,2026-09-26 08:26 ET,2026-09-26,,https://www.covers.com/ncaaf/group-of-6-picks-week-4-2026,,401860896,LOSS,true,"Colorado State Rams 45, UTSA Roadrunners 59",https://www.espn.com/college-football/game/_/gameId/401860896,,manual,price-unstated,,75
3686d77cecbdb0f1975405762fc1c4de7df45ce5519cb4364674218a4dfc9696,verified,Jason Logan (Covers),NFL,New Orleans Saints @ Baltimore Ravens,spread,Saints,8.5,,2026-09-16 ~ updated 2026-09-20 07:29 ET,2026-09-20,,https://www.covers.com/nfl/picks-and-predictions-week-2-2026,,401872938,WIN,true,"NO 24, BAL 17",https://www.espn.com/nfl/game/_/gameId/401872938,,manual,price-unstated;manual-grade,,2
37d44905496b7507fd88082f80f09c9878a82d1176ac7a17dd7eee20cd674de1,verified,Quinn Allen (Covers),MLB,Colorado Rockies @ Chicago White Sox,moneyline,Chicago White Sox,,,2026-09-25 08:52 ET,2026-09-25,,https://www.covers.com/mlb/moneyline-picks-friday-9-25-2026,,401817080,WIN,true,"Colorado Rockies 1, Chicago White Sox 6",https://www.espn.com/mlb/game/_/gameId/401817080,,manual,price-unstated,,40
37fb842e25f65673d2d0e25d28bf030385112bbd8a441728a6ddb3ac17e5f282,verified,Joshua Nunn (Action Network),CFB,Western Michigan Broncos @ Rice Owls,moneyline,Rice Owls,,+315,2026-09-18 14:11 ET,2026-09-19,,https://www.actionnetwork.com/ncaaf/week-3-college-football-predictions-picks-group-of-6-moneyline-underdog-bets-ncaaf-sept-19,,401862773,LOSS,true,"Western Michigan Broncos 28, Rice Owls 21",https://www.espn.com/college-football/game/_/gameId/401862773,,manual,,,185
38095702d654842b51af8be98a5b020af023f520c1b6fcd33f37ebddbb125b85,verified,Joe Osborne (Covers),MLB,Chicago Cubs @ San Diego Padres,total,Over,7.5,,2026-09-29 08:42 ET,2026-09-29,,https://www.covers.com/mlb/expert-picks-at-prediction-markets-tuesday-sept-29-2026,,401907974,WIN,true,"Chicago Cubs 0, San Diego Padres 8",https://www.espn.com/mlb/game/_/gameId/401907974,,manual,price-unstated,,160
38ae5819a5acb54b4916ae1ba8271c0b87d49683b63b7a52e5836ce628a172ca,verified,Rob Paul (Covers),CFB,Michigan Wolverines @ Minnesota Golden Gophers,total,Under,42.5,,2026-09-29 11:28 ET,2026-10-03,,https://www.covers.com/ncaaf/michigan-vs-minnesota-prediction-picks-odds-early-leans-week-5-2026,,,PENDING,false,Not final,,,,price-unstated,,246
3a4af4883bd356f5727a066fba4dbb904d5a3716e977adf69894b19fbdefc09e,verified,Rob Paul (Covers),CFB,Liberty Flames @ Coastal Carolina Chanticleers,spread,Liberty Flames,-2.5,,2026-09-24 16:31 ET,2026-09-24,,https://www.covers.com/ncaaf/liberty-vs-coastal-carolina-prediction-picks-odds-today-sept-24-2026,,401869941,WIN,true,"Liberty Flames 34, Coastal Carolina Chanticleers 17",https://www.espn.com/college-football/game/_/gameId/401869941,,manual,price-unstated,,84
3a7ba0e7ee00bcaf70a96e95b301133c9aec7a9671b48404539329fc6be3f2c5,verified,Jason Logan (Covers),NFL,Jacksonville Jaguars @ Denver Broncos,moneyline,Denver Broncos,,,2026-09-15 12:04 ET,2026-09-20,,https://www.covers.com/nfl/jaguars-vs-broncos-predictions-odds-early-leans-week-2-2026,,401872940,WIN,true,"Jacksonville Jaguars 13, Denver Broncos 20",https://www.espn.com/nfl/game/_/gameId/401872940,,manual,price-unstated,,30
3d875488de3b91d55479d3b18b05db456e212f6a98cfe53f8d1d0952e6824fad,verified,Rob Paul (Covers),CFB,James Madison Dukes @ Old Dominion Monarchs,spread,James Madison Dukes,-6.5,,2026-09-26 08:26 ET,2026-09-26,,https://www.covers.com/ncaaf/group-of-6-picks-week-4-2026,,401869961,WIN,true,"James Madison Dukes 46, Old Dominion Monarchs 20",https://www.espn.com/college-football/game/_/gameId/401869961,,manual,price-unstated,,77
3dbcf44e7b46dca49aa633b08f4b04f4ccd461db6be781ac0f32b65e64741cbf,verified,Quinn Allen (Covers),MLB,New York Mets @ Washington Nationals,moneyline,Washington Nationals,,,2026-09-25 08:52 ET,2026-09-25,,https://www.covers.com/mlb/moneyline-picks-friday-9-25-2026,,401817076,WIN,true,"New York Mets 6, Washington Nationals 7",https://www.espn.com/mlb/game/_/gameId/401817076,,manual,price-unstated,,36
3ea23e002a2be81ae43bc7e719f0c936adfef0f2c5a5ffdc05649e75f5bebf8c,verified,Jon Metler (Covers),NFL,Indianapolis Colts @ Kansas City Chiefs,spread,Kansas City Chiefs,-6.5,,2026-09-20 14:41 ET,2026-09-20,,https://www.covers.com/nfl/colts-vs-chiefs-expert-picks-sept-20-week-2-2026,,401872945,LOSS,true,"Indianapolis Colts 30, Kansas City Chiefs 33",https://www.espn.com/nfl/game/_/gameId/401872945,,manual,price-unstated,,158
3fc13f5cf6ba54f8ae660941da3206a900b87e33ff6aaf418a92bc5b587ba60e,verified,Dustin Saracini (Covers),MLB,Boston Red Sox @ New York Yankees,moneyline,New York Yankees,,,2026-09-29 17:01 ET,2026-09-29,,https://www.covers.com/mlb/red-sox-vs-yankees-prediction-picks-odds-best-bets-today-9-29-2026,,401907924,WIN,true,"Boston Red Sox 0, New York Yankees 9",https://www.espn.com/mlb/game/_/gameId/401907924,,manual,price-unstated,,145
3ffcaaebb3b1a3473feceb93fc2b85deb344ca6dd93667d78aab9dd4a7eddb28,verified,Jason Logan (Covers),NFL,Pittsburgh Steelers @ New England Patriots,spread,Steelers,5.5,,2026-09-16 ~ updated 2026-09-20 07:29 ET,2026-09-20,,https://www.covers.com/nfl/picks-and-predictions-week-2-2026,,401872946,LOSS,true,"NE 20, PIT 3",http://www.espn.com/nfl/game?gameId=401872946,,manual,price-unstated;manual-grade,,0
41595675138e5fc77b7426fe9ecc06469038a84a75865e15847c20f86fe9d50f,verified,Chris Hatfield (Covers),CFB,Missouri Tigers @ Mississippi State Bulldogs,total,Over,58.5,,2026-09-26 16:21 ET,2026-09-26,,https://www.covers.com/ncaaf/missouri-vs-mississippi-state-prediction-picks-odds-best-bets-tonight-sept-26-2026,,401856703,LOSS,true,"Missouri Tigers 24, Mississippi State Bulldogs 31",https://www.espn.com/college-football/game/_/gameId/401856703,,manual,price-unstated,,93
43e7ac32b83b62025f6a41e2583160abfa6e73f1724d18e2016b6028873d6383,verified,RoadToCFB (Action Network),CFB,Arizona State Sun Devils @ Kansas Jayhawks (neutral site; ESPN lists Kansas Jayhawks as home),spread,Arizona State,-5.5,,2026-09-19 09:29 ET,2026-09-19,,https://www.actionnetwork.com/ncaaf/arizona-state-sun-devils-vs-kansas-jayhawks-prediction-pick-odds-college-football-saturday-september-19,,401856812,WIN,true,"Arizona State Sun Devils 24, Kansas Jayhawks 17",https://www.espn.com/college-football/game/_/gameId/401856812,,manual,price-unstated,,195
4405f59d0471d83fbc86126c43da9d665e8b00b347faf84121098b582474ecd7,verified,Joe Osborne (Covers),NFL,Los Angeles Chargers @ Buffalo Bills,team_total,Buffalo Bills team total Over,28.5,,2026-09-27 08:43 ET,2026-09-27,,https://www.covers.com/nfl/over-under-predictions-combo-week-3-2026,,401872953,LOSS,true,"Los Angeles Chargers 16, Buffalo Bills 24",https://www.espn.com/nfl/game/_/gameId/401872953,,manual,price-unstated,,137
44a7da3695afe4042448d232d83dab1b77c9526cc512444727ce3883244a0376,verified,RoadToCFB (Action Network),CFB,NC State Wolfpack @ Vanderbilt Commodores,moneyline,NC State Wolfpack,,+145,2026-09-19 11:13 ET,2026-09-19,,https://www.actionnetwork.com/ncaaf/nc-state-wolfpack-vs-vanderbilt-commodores-prediction-pick-odds-college-football-saturday-september-19,,401856695,LOSS,true,"NC State Wolfpack 31, Vanderbilt Commodores 35",https://www.espn.com/college-football/game/_/gameId/401856695,,manual,,,192
44dc13643a7db18996a93e1ea6688741ea37d3da6d3a6b45ea7dd5a9801ce890,verified,Quinn Allen (Covers),MLB,Boston Red Sox @ New York Yankees,moneyline,New York Yankees,,,2026-09-30 14:57 ET,2026-09-30,,https://www.covers.com/mlb/moneyline-picks-wednesday-sept-30-2026,,401907963,WIN,true,"Boston Red Sox 2, New York Yankees 9",https://www.espn.com/mlb/game/_/gameId/401907963,,manual,price-unstated,,213
46daa0338ca5ceb52b061106a1db16d2e629636dcc1d7256fa8ae601fe86eb1d,verified,Joshua Nunn (Action Network),CFB,Navy Midshipmen @ UAB Blazers,spread,UAB,7.5,,2026-09-25 17:33 ET,2026-09-25,,https://www.actionnetwork.com/ncaaf/uab-blazers-vs-navy-midshipmen-prediction-pick-odds-ncaaf-friday-sept-25,,401862778,WIN,true,"Navy Midshipmen 20, UAB Blazers 24",https://www.espn.com/college-football/game/_/gameId/401862778,,manual,price-unstated,,176
4883d66b2a570d122e086e290bb99d34e43d4910c8ed43c2557467b1c09e48db,verified,Todd Cordell (Covers),MLB,Arizona Diamondbacks @ San Diego Padres,moneyline,Arizona Diamondbacks,,,2026-09-25 18:29 ET,2026-09-25,,https://www.covers.com/mlb/diamondbacks-vs-padres-prediction-picks-odds-friday-9-25-2026,,401817084,WIN,true,"Arizona Diamondbacks 11, San Diego Padres 4",https://www.espn.com/mlb/game/_/gameId/401817084,,manual,price-unstated,,113
4884bd249e37f3b058ccf8ccbcfad61e8a31b29ad9cec6fd171722bc94ac05ca,verified,Joshua Nunn (Action Network),CFB,Georgia Southern Eagles @ Coastal Carolina Chanticleers,moneyline,Coastal Carolina Chanticleers,,+115,2026-09-30 13:06 ET,2026-10-03,,https://www.actionnetwork.com/ncaaf/week-5-college-football-predictions-picks-ncaaf-group-of-6-moneyline-underdogs-saturday-oct-3,,,PENDING,false,Not final,,,,,,249
48ce24f6d566d6b501333f1f3f938db55b662078a12ec739a1c26c4bb2347017,verified,Chris Hatfield (Covers),MLB,Philadelphia Phillies @ Atlanta Braves,moneyline,Philadelphia Phillies,,,2026-09-30 11:43 ET,2026-09-30,,https://www.covers.com/mlb/phillies-vs-braves-prediction-picks-odds-wednesday-9-30-2026,,401907972,WIN,true,"Philadelphia Phillies 4, Atlanta Braves 3 (10 innings)",https://www.espn.com/mlb/game/_/gameId/401907972,,manual,price-unstated;manual-grade,,215
499a4dc26a1dd53d9c21e9eac5616719ee712b2b6e932ce9ba361e8928a931ac,verified,Ryan Minion (Action Network),CFB,Minnesota Golden Gophers @ Washington Huskies,spread (1H),Washington 1H,-5.5,,2026-09-26 21:50 ET,2026-09-26,,https://www.actionnetwork.com/ncaaf/minnesota-golden-gophers-vs-washington-huskies-prediction-pick-odds-college-football-saturday-september-26,,401858470,LOSS,true,"Minnesota Golden Gophers 27, Washington Huskies 24 [1H: MINN 21, WASH 10]",https://www.espn.com/college-football/game/_/gameId/401858470,,manual,price-unstated;partial-game;manual-grade,,201
49ef8380207d695e6882e18a8a46c2565c3990a0ff19f021d2b6dfe292150496,verified,Jon Metler (Covers),NFL,Atlanta Falcons @ Green Bay Packers,spread,Green Bay Packers,-5.5,,2026-09-24 17:31 ET,2026-09-24,,https://www.covers.com/nfl/falcons-vs-packers-expert-picks-week-3-2026,,401872948,LOSS,true,"Atlanta Falcons 35, Green Bay Packers 14",https://www.espn.com/nfl/game/_/gameId/401872948,,manual,price-unstated,,156
4a87fe3f2290f156060cfab941b4c9e98d70c10437a27229f6b620498c66ff47,verified,Rob Paul (Covers),CFB,Kent State Golden Flashes @ Ohio State Buckeyes,spread,Ohio State Buckeyes,-52.5,,2026-09-19 09:00 ET,2026-09-19,,https://www.covers.com/ncaaf/kent-state-vs-ohio-state-prediction-picks-odds-today-sept-19-2026,,401858454,WIN,true,"Kent State Golden Flashes 3, Ohio State Buckeyes 59",https://www.espn.com/college-football/game/_/gameId/401858454,,manual,price-unstated,,89
4bb3e78693fea8539be3ca0c697c806f20f904e1b29ae6abddbac6ceac50457c,verified,Quinn Allen (Covers),NFL,Cleveland Browns @ Tampa Bay Buccaneers,spread,Tampa Bay Buccaneers,-8.5,,2026-09-20 10:33 ET,2026-09-20,,https://www.covers.com/nfl/browns-vs-buccaneers-prediction-picks-best-bets-today-sept-20-2026,,401872935,LOSS,true,"Cleveland Browns 23, Tampa Bay Buccaneers 19",https://www.espn.com/nfl/game/_/gameId/401872935,,manual,price-unstated,,71
4c59a4532f8c39c6bb3f50804f92d704ff9f5008794a82bc9a5f671a7bf89678,verified,Dustin Saracini (Covers),MLB,Boston Red Sox @ New York Yankees,total,Under,5.5,,2026-09-29 17:01 ET,2026-09-29,,https://www.covers.com/mlb/red-sox-vs-yankees-prediction-picks-odds-best-bets-today-9-29-2026,,401907924,LOSS,true,"Boston Red Sox 0, New York Yankees 9",https://www.espn.com/mlb/game/_/gameId/401907924,,manual,price-unstated,,146
4d93318ac80605a788e60b94453e30a953e05dc58ed301d21c8ff6c8100374cb,verified,RoadToCFB (Action Network),CFB,San Diego State Aztecs @ Toledo Rockets,spread (1H),Toledo 1H,-0.5,,2026-09-26 05:11 ET,2026-09-26,,https://www.actionnetwork.com/ncaaf/san-diego-state-aztecs-vs-toledo-rockets-prediction-pick-odds-college-football-saturday-september-26,,401860893,WIN,true,"San Diego State Aztecs 16, Toledo Rockets 41 [1H: SDSU 3, TOL 17]",https://www.espn.com/college-football/game/_/gameId/401860893,,manual,price-unstated;partial-game;manual-grade,,191
4e57cc6ec3f8e48e587ebe8272ba264f53c7f680686f1b122c1867104db7fba4,verified,Rob Paul (Covers),CFB,Liberty Flames @ Coastal Carolina Chanticleers,total,Over,51.5,,2026-09-24 16:31 ET,2026-09-24,,https://www.covers.com/ncaaf/liberty-vs-coastal-carolina-prediction-picks-odds-today-sept-24-2026,,401869941,LOSS,true,"Liberty Flames 34, Coastal Carolina Chanticleers 17",https://www.espn.com/college-football/game/_/gameId/401869941,,manual,price-unstated,,85
4f2f9846815d9e9dd782286bdcbbd83f046e3239564397423edfc6bf872641a7,verified,Joshua Nunn (Action Network),CFB,North Dakota State Bison @ Sacramento State Hornets,spread,North Dakota State,-27.5,,2026-09-19 21:10 ET,2026-09-19,,https://www.actionnetwork.com/ncaaf/north-dakota-state-bison-vs-sacramento-state-hornets-prediction-pick-odds-college-football-saturday-september-19,,401864507,LOSS,true,"North Dakota State Bison 31, Sacramento State Hornets 10",https://www.espn.com/college-football/game/_/gameId/401864507,,manual,price-unstated,,178
4f70a2163c1569f58faffd39cc2a90136db24c62aebeaf19b06d92bff08f154b,verified,Quinn Allen (Covers),NFL,Cincinnati Bengals @ Pittsburgh Steelers,spread,Cincinnati Bengals,-3.5,,2026-09-22 08:13 ET,2026-09-27,,https://www.covers.com/nfl/bengals-vs-steelers-predictions-odds-early-leans-week-3-2026,,401872950,LOSS,true,"Cincinnati Bengals 27, Pittsburgh Steelers 30",https://www.espn.com/nfl/game/_/gameId/401872950,,manual,price-unstated,,65
50ab00b8f9b232903a809fd7670bb85a092dc162e04dd2aab68c4d1bed348df6,verified,RoadToCFB (Action Network),CFB,App State Mountaineers @ NC State Wolfpack,spread,NC State,-14,-108,2026-09-26 06:11 ET,2026-09-26,,https://www.actionnetwork.com/ncaaf/app-state-mountaineers-vs-nc-state-wolfpack-prediction-pick-odds-college-football-saturday-september-26,,401864572,LOSS,true,"App State Mountaineers 31, NC State Wolfpack 41",https://www.espn.com/college-football/game/_/gameId/401864572,,manual,,,189
51fde52f0f0645bd40675153869b2837d2c2f7cf1e2ae92e3c6ba597a8b4a4cf,verified,Quinn Allen (Covers),NFL,"Indianapolis Colts vs Washington Commanders (neutral site, London)",total,Over,46.5,,2026-09-28 08:40 ET,2026-10-04,,https://www.covers.com/nfl/colts-vs-commanders-predictions-odds-early-leans-week-4-2026,,,PENDING,false,Not final,,,,price-unstated,,238
52a12659f68d83cda5a4c13ceda678560bbfe8f23cfe8f78af6e8d80e85da3c5,verified,Quinn Allen (Covers),MLB,Tampa Bay Rays @ New York Yankees,moneyline,New York Yankees,,,2026-09-24 10:56 ET,2026-09-24,,https://www.covers.com/mlb/moneyline-picks-thursday-9-24-2026,,401817064,WIN,true,"Tampa Bay Rays 4, New York Yankees 6",https://www.espn.com/mlb/game/_/gameId/401817064,,manual,price-unstated,,54
53806f703b1b5c52057adaeba7892d0bf3460dffefd4d14c7024832d74718abd,verified,Jason Logan (Covers),NFL,New Orleans Saints @ Baltimore Ravens,total,Under,47.5,,2026-09-14 12:53 ET,2026-09-20,,https://www.covers.com/nfl/predictions-to-bet-now-bet-later-week-2-2026,,401872938,WIN,true,"NO 24, BAL 17 (41 combined)",https://www.espn.com/nfl/game/_/gameId/401872938,,manual,price-unstated;manual-grade,,3
539616391b6617a41e1418e382490da506c555e5400d839939cca878c98c1f82,verified,Joe Osborne (Covers),NFL,Pittsburgh Steelers @ Cleveland Browns,spread,Pittsburgh Steelers,-2.5,,2026-09-30 06:00 ET,2026-10-01,2026-10-01 20:15 ET,https://www.covers.com/nfl/steelers-vs-browns-prediction-picks-oct-1-2026,,401872964,LOSS,true,"Pittsburgh Steelers 24, Cleveland Browns 27",https://www.espn.com/nfl/game/_/gameId/401872964,2026-10-02T11:46:00-04:00,auto-espn,price-unstated,,220
53d0f7c85f4ddf1ad55a5ab4bbe003a6698485aaf289480f3f3e2c8b31cfddc1,verified,Todd Cordell (Covers),MLB,Houston Astros @ Seattle Mariners,total,Under,7.5,,2026-09-22 11:14 ET,2026-09-22,,https://www.covers.com/mlb/astros-vs-mariners-prediction-picks-odds-tuesday-9-22-2026,,401817042,WIN,true,"Houston Astros 7, Seattle Mariners 0",https://www.espn.com/mlb/game/_/gameId/401817042,,manual,price-unstated,,130
53eff2fb48b9d64bab2ab7ee77670ac45832eb663cb6764bbfb111f0771d5bca,verified,Chris Hatfield (Covers),CFB,Georgia Bulldogs @ Arkansas Razorbacks,total,Under,54.5,,2026-09-19 09:03 ET,2026-09-19,,https://www.covers.com/ncaaf/georgia-vs-arkansas-prediction-picks-odds-best-bets-today-sept-19-2026,,401856686,LOSS,true,"Georgia Bulldogs 45, Arkansas Razorbacks 17",https://www.espn.com/college-football/game/_/gameId/401856686,,manual,price-unstated,,100
54e489c75773e2c462675ec39608461a87678ec3ffc13c8f940418ef556a2853,verified,Ryan Minion (Action Network),MLB,New York Mets @ Washington Nationals,total,Over,8.5,,2026-09-27 05:06 ET,2026-09-27,,https://www.actionnetwork.com/mlb/new-york-mets-vs-washington-nationals-prediction-pick-mlb-odds-sunday-september-27,,401817106,WIN,true,"New York Mets 4, Washington Nationals 6",https://www.espn.com/mlb/game/_/gameId/401817106,,manual,price-unstated,,200
5509acbe2c6aac8f4adf1245c8ecc654f5092480a2c5c8d474ef407dad703c90,verified,Jason Logan (Covers),NFL,Los Angeles Rams @ Philadelphia Eagles,total,Under,44.5,,2026-09-29 13:10 ET,2026-10-04,,https://www.covers.com/nfl/rams-vs-eagles-prediction-picks-odds-early-leans-week-4-2026,,,PENDING,false,Not final,,,,price-unstated,,232
56c3fe094102b8cca85d405b20609725042f75afca6048a5350fc771256c9f21,verified,Todd Cordell (Covers),MLB,Cleveland Guardians @ Boston Red Sox,moneyline,Boston Red Sox,,,2026-09-22 17:24 ET,2026-09-22,,https://www.covers.com/mlb/guardians-vs-red-sox-prediction-picks-odds-tuesday-9-22-2026,,401817031,LOSS,true,"Cleveland Guardians 3, Boston Red Sox 2",https://www.espn.com/mlb/game/_/gameId/401817031,,manual,price-unstated,,127
57435ffe0fbbde7a32a4075884430d24566075f7d584b078008f86648b892f41,verified,Quinn Allen (Covers),NFL,"Indianapolis Colts vs Washington Commanders (neutral site, London)",spread,Indianapolis Colts,-3.5,,2026-09-28 08:40 ET,2026-10-04,,https://www.covers.com/nfl/colts-vs-commanders-predictions-odds-early-leans-week-4-2026,,,PENDING,false,Not final,,,,price-unstated,,237
5852efb9328c4139860faafd0937811df9b4d1fc683611f988d88742cae4c1db,verified,Josh Inglis (Covers),NFL,New York Giants @ Los Angeles Rams,total,Under,48.5,,2026-09-21 17:09 ET,2026-09-21,,https://www.covers.com/nfl/giants-vs-rams-prediction-picks-best-bets-tonight-sept-21-2026,,401872947,WIN,true,"New York Giants 6, Los Angeles Rams 28",https://www.espn.com/nfl/game/_/gameId/401872947,,manual,price-unstated,,136
58ecb30b0b4238c9bbe8aad164d6923822f59a6346023719ee4ef7c8980de16e,verified,Rob Paul (Covers),CFB,Michigan Wolverines @ Minnesota Golden Gophers,spread,Michigan Wolverines,-5.5,,2026-09-29 11:28 ET,2026-10-03,,https://www.covers.com/ncaaf/michigan-vs-minnesota-prediction-picks-odds-early-leans-week-5-2026,,,PENDING,false,Not final,,,,price-unstated,,245
58fd09cda1c73dfc5293e2d13f9a1672d91cdda26939ffc24d946b0c1339d5b6,verified,Josh Inglis (Covers),MLB,Cincinnati Reds @ Atlanta Braves,total,Over,7.5,,2026-09-24 11:03 ET,2026-09-24,,https://www.covers.com/mlb/expert-picks-at-prediction-markets-thursday-sept-24-2026,,401817060,WIN,true,"Cincinnati Reds 7, Atlanta Braves 6",https://www.espn.com/mlb/game/_/gameId/401817060,,manual,price-unstated,,165
5d8ff3b3430bfeb4a17c85a4336d9675ffb145d23335a5076d361218f057ff46,verified,Joshua Nunn (Action Network),CFB,Montana Grizzlies @ Oregon State Beavers,team_total,Oregon State team total Over,34.5,,2026-09-19 21:06 ET,2026-09-19,,https://www.actionnetwork.com/ncaaf/montana-grizzlies-vs-oregon-state-beavers-prediction-pick-odds-college-football-saturday-september-19,,401860886,WIN,true,"Montana Grizzlies 17, Oregon State Beavers 52",https://www.espn.com/college-football/game/_/gameId/401860886,,manual,price-unstated,,179
5dcd360fc46971e8fb31e2e6c49a8942b4a3ec92559115e3e81c9e16241a63ca,verified,Jason Logan (Covers),NFL,New England Patriots @ Jacksonville Jaguars,total,Under,44.5,,2026-09-21 14:02 ET,2026-09-27,,https://www.covers.com/nfl/patriots-vs-jaguars-predictions-odds-early-leans-week-3-2026,,401872957,WIN,true,"New England Patriots 6, Jacksonville Jaguars 35",https://www.espn.com/nfl/game/_/gameId/401872957,,manual,price-unstated,,24
6006ed06af2528e736002a2609921f9927a7f63fd6d4f4bf18942dfcf681c551,verified,Joe Osborne (Covers),NFL,Philadelphia Eagles @ Chicago Bears,spread,Chicago Bears,4.5,,2026-09-28 12:15 ET,2026-09-28,,https://www.covers.com/nfl/eagles-vs-bears-expert-picks-week-3-2026,,401872963,WIN,true,"Philadelphia Eagles 7, Chicago Bears 27",https://www.espn.com/nfl/game/_/gameId/401872963,,manual,price-unstated,,154
62607027c70ab25b58e8b3d7d254b9532758cadcaa5661888c63af78cf26445f,verified,Chris Hatfield (Covers),MLB,New York Yankees @ Arizona Diamondbacks,total,Over,7.5,,2026-09-19 16:33 ET,2026-09-19,,https://www.covers.com/mlb/yankees-vs-diamondbacks-prediction-picks-odds-saturday-9-19-2026,,401817010,WIN,true,"New York Yankees 3, Arizona Diamondbacks 5",https://www.espn.com/mlb/game/_/gameId/401817010,,manual,price-unstated,,98
62c04fe7d87e3ad82878961c3f4f6c8d78fd004eaae3e77d62e04329cf6bddc3,verified,Ryan Minion (Action Network),CFB,Oklahoma Sooners @ Georgia Bulldogs,spread (1Q),Georgia 1Q,-3.5,,2026-09-26 13:52 ET,2026-09-26,,https://www.actionnetwork.com/ncaaf/oklahoma-sooners-vs-georgia-bulldogs-prediction-pick-odds-college-football-saturday-september-26,,401856700,WIN,true,"Oklahoma Sooners 13, Georgia Bulldogs 41 [1Q: OU 0, UGA 7]",https://www.espn.com/college-football/game/_/gameId/401856700,,manual,price-unstated;partial-game;manual-grade,,202
62c9b6008d6953d7b30db0dde2a07c94c226beaf80b49f5943b83a24763983ae,verified,Jason Logan (Covers),NFL,Los Angeles Rams @ Denver Broncos,total,Under,44.5,,2026-09-27 17:20 ET,2026-09-27,,https://www.covers.com/nfl/rams-vs-broncos-prediction-picks-tonight-sept-27-2026,,401872962,LOSS,true,"Los Angeles Rams 26, Denver Broncos 30",https://www.espn.com/nfl/game/_/gameId/401872962,,manual,price-unstated,,14
676ff756ced43f99eb1c540fd3759e24df2502a4dd21bd755948b6503a78307d,verified,Quinn Allen (Covers),MLB,Los Angeles Dodgers @ San Francisco Giants,moneyline,Los Angeles Dodgers,,,2026-09-25 08:52 ET,2026-09-25,,https://www.covers.com/mlb/moneyline-picks-friday-9-25-2026,,401817086,WIN,true,"Los Angeles Dodgers 2, San Francisco Giants 0",https://www.espn.com/mlb/game/_/gameId/401817086,,manual,price-unstated,,46
67f67b4b8a4980b116ad99e0edcab4fe682b360f045999ef4dd299317eb0a6cb,verified,Rob Paul (Covers),CFB,Boise State Broncos @ Western Michigan Broncos,spread,Boise State Broncos,-7.5,,2026-09-26 08:26 ET,2026-09-26,,https://www.covers.com/ncaaf/group-of-6-picks-week-4-2026,,401860897,WIN,true,"Boise State Broncos 32, Western Michigan Broncos 7",https://www.espn.com/college-football/game/_/gameId/401860897,,manual,price-unstated,,79
687501694c79ed62ae0e3b723101f4cc3e7c1542c05cc6cfdf6692c651c214d6,verified,Rob Paul (Covers),CFB,Ohio State Buckeyes @ Iowa Hawkeyes,total,Over,45.5,,2026-09-29 12:44 ET,2026-10-03,,https://www.covers.com/ncaaf/ohio-state-vs-iowa-prediction-picks-odds-early-leans-week-5-2026,,,PENDING,false,Not final,,,,price-unstated,,248
694615980b1ffb6ecf7e410ba575e92ec380ce110072d31ccf20d97b9301f7c0,verified,Jon Metler (Covers),NFL,Philadelphia Eagles @ Chicago Bears,spread,Philadelphia Eagles,-4.5,,2026-09-28 12:15 ET,2026-09-28,,https://www.covers.com/nfl/eagles-vs-bears-expert-picks-week-3-2026,,401872963,LOSS,true,"Philadelphia Eagles 7, Chicago Bears 27",https://www.espn.com/nfl/game/_/gameId/401872963,,manual,price-unstated,,155
697536c4fcdb54420e69b979f82b308c74fd9d946d119db0591f7020784947db,verified,Quinn Allen (Covers),MLB,Washington Nationals @ Detroit Tigers,run_line,Detroit Tigers,-1.5,,2026-09-23 07:47 ET,2026-09-23,,https://www.covers.com/mlb/nationals-vs-tigers-prediction-picks-odds-wednesday-9-23-2026,,401817051,LOSS,true,"Washington Nationals 4, Detroit Tigers 2",https://www.espn.com/mlb/game/_/gameId/401817051,,manual,price-unstated,,59
6a34ba2a0c444b6d4b0d747647a88b1dd68c3448c1be1f5b9acfb4246b41a657,verified,RoadToCFB (Action Network),CFB,Houston Cougars @ Georgia Southern Eagles,spread (1H),Houston 1H,-10,,2026-09-26 05:46 ET,2026-09-26,,https://www.actionnetwork.com/ncaaf/houston-cougars-vs-georgia-southern-eagles-prediction-pick-odds-college-football-saturday-sept-26,,401856806,WIN,true,"Houston Cougars 42, Georgia Southern Eagles 28 [1H: HOU 28, GASO 14]",https://www.espn.com/college-football/game/_/gameId/401856806,,manual,price-unstated;partial-game;manual-grade,,190
6ae36aee8699be4aa79bddef4e33178fe2eb72addb3e9aff1c30165031c28e55,verified,Dustin Saracini (Covers),NFL,Denver Broncos @ San Francisco 49ers,spread,San Francisco 49ers,-2.5,,2026-09-28 17:43 ET,2026-10-04,,https://www.covers.com/nfl/broncos-vs-49ers-predictions-odds-early-leans-week-4-2026,,,PENDING,false,Not final,,,,price-unstated,,243
6bad342b2a7ec948894ab6aff558d0ac5266a3c09d695df271a9b805532f5587,verified,Dustin Saracini (Covers),NFL,Houston Texans @ Indianapolis Colts,spread,Houston Texans,-1.5,,2026-09-27 10:25 ET,2026-09-27,,https://www.covers.com/nfl/texans-vs-colts-prediction-picks-best-bets-today-sept-27-2026,,401872951,LOSS,true,"Houston Texans 17, Indianapolis Colts 19",https://www.espn.com/nfl/game/_/gameId/401872951,,manual,price-unstated,,148
6e7f00dd13f4f40de54ddf409622023ccb1d3b709d872e8b2ca19cc6383fb16b,verified,Rob Paul (Covers),CFB,Texas A&M Aggies @ LSU Tigers,total,Under,51.5,,2026-09-22 10:38 ET,2026-09-26,,https://www.covers.com/ncaaf/texas-am-vs-lsu-prediction-picks-odds-early-leans-week-4-2026,,401856702,WIN,true,"Texas A&M Aggies 6, LSU Tigers 35",https://www.espn.com/college-football/game/_/gameId/401856702,,manual,price-unstated,,87
6ee6c0e5e6a159679e65e7c420545a2ed322ae9c9dcb8359092dc62c6a342b90,verified,Joe Osborne (Covers),NFL,Baltimore Ravens vs Dallas Cowboys (neutral site; ESPN lists Dallas Cowboys as home),team_total,Baltimore Ravens team total Over,27.5,,2026-09-27 08:43 ET,2026-09-27,,https://www.covers.com/nfl/over-under-predictions-combo-week-3-2026,,401872960,WIN,true,"Baltimore Ravens 34, Dallas Cowboys 31",https://www.espn.com/nfl/game/_/gameId/401872960,,manual,price-unstated,,139
6f4237bde200b7f39ee90857799eb71706c60fe7ce739ee8f804fc5e92f3b96a,verified,RoadToCFB (Action Network),CFB,Wyoming Cowboys @ Central Michigan Chippewas,total,Under,39.5,,2026-09-19 05:31 ET,2026-09-19,,https://www.actionnetwork.com/ncaaf/wyoming-cowboys-vs-central-michigan-chippewas-prediction-pick-odds-college-football-saturday-september-19,,401864508,WIN,true,"Wyoming Cowboys 10, Central Michigan Chippewas 24",https://www.espn.com/college-football/game/_/gameId/401864508,,manual,price-unstated,,198
70defde0ae2bb0af941dad240c0fdcd040484e9ee081fbd2114bf070ffbdff50,verified,Todd Cordell (Covers),MLB,Arizona Diamondbacks @ San Diego Padres,total,Over,7.5,,2026-09-25 18:29 ET,2026-09-25,,https://www.covers.com/mlb/diamondbacks-vs-padres-prediction-picks-odds-friday-9-25-2026,,401817084,WIN,true,"Arizona Diamondbacks 11, San Diego Padres 4",https://www.espn.com/mlb/game/_/gameId/401817084,,manual,price-unstated,,114
7160c032e970866eec0d3ecb116f443afa71bb086d72031af1527effc186c6a8,verified,Quinn Allen (Covers),MLB,Los Angeles Angels @ Seattle Mariners,moneyline,Los Angeles Angels,,,2026-09-25 08:52 ET,2026-09-25,,https://www.covers.com/mlb/moneyline-picks-friday-9-25-2026,,401817083,WIN,true,"Los Angeles Angels 7, Seattle Mariners 5",https://www.espn.com/mlb/game/_/gameId/401817083,,manual,price-unstated,,45
75b546d717245ccbe9e0919aac33b20f9bbaa26b37ceb1be46cd2bb99ffb3ca5,verified,RoadToCFB (Action Network),CFB,Marshall Thundering Herd @ Missouri State Bears,team_total,Missouri State team total Over,23.5,,2026-09-19 06:01 ET,2026-09-19,,https://www.actionnetwork.com/ncaaf/marshall-thundering-herd-vs-missouri-state-bears-prediction-pick-odds-ncaaf-saturday-september-19,,401871047,WIN,true,"Marshall Thundering Herd 30, Missouri State Bears 24",https://www.espn.com/college-football/game/_/gameId/401871047,,manual,price-unstated,,197
75de1fa16b0d2119c9675c24d9b6bd9572736c41f9c7083d618260cfc338bd96,verified,Todd Cordell (Covers),MLB,San Francisco Giants @ Los Angeles Dodgers,total,Over,7.5,,2026-09-19 11:41 ET,2026-09-19,,https://www.covers.com/mlb/giants-vs-dodgers-prediction-picks-odds-saturday-9-19-2026,,401817011,WIN,true,"San Francisco Giants 4, Los Angeles Dodgers 10",https://www.espn.com/mlb/game/_/gameId/401817011,,manual,price-unstated,,132
76d62d0d5d4543c1ca6982a9ad28f54d98811260a1381778bc8f4032b141ad1c,verified,Todd Cordell (Covers),MLB,Cleveland Guardians @ Kansas City Royals,total,Under,7.5,,2026-09-25 11:04 ET,2026-09-25,,https://www.covers.com/mlb/guardians-vs-royals-prediction-picks-odds-friday-9-25-2026,,401817079,LOSS,true,"Cleveland Guardians 12, Kansas City Royals 9",https://www.espn.com/mlb/game/_/gameId/401817079,,manual,price-unstated,,116
776d6546e676470e8b7076a7ef2be3e8d1e6f33a069fcaf836d0bad4fcbeac2c,verified,Jason Logan (Covers),NFL,Detroit Lions @ Carolina Panthers,total,Over,50.5,,2026-09-28 12:51 ET,2026-10-04,,https://www.covers.com/nfl/lions-vs-panthers-predictions-odds-early-leans-week-4-2026,,,PENDING,false,Not final,,,,price-unstated,,230
780d9de03dca11ab4042beba8b068a4c326eb122c7693677a0e717fc25aa83e0,verified,Rob Paul (Covers),CFB,New Mexico Lobos @ New Mexico State Aggies,spread,New Mexico Lobos,-11.5,,2026-09-26 08:26 ET,2026-09-26,,https://www.covers.com/ncaaf/group-of-6-picks-week-4-2026,,401864579,WIN,true,"New Mexico Lobos 42, New Mexico State Aggies 18",https://www.espn.com/college-football/game/_/gameId/401864579,,manual,price-unstated,,78
78271d88f4d51881709a71c6c43180de1902b7127659313fe7a6ef802028272c,verified,Rob Paul (Covers),CFB,Oregon Ducks @ USC Trojans,spread,Oregon Ducks,-2.5,,2026-09-22 11:33 ET,2026-09-26,,https://www.covers.com/ncaaf/oregon-vs-usc-prediction-picks-odds-early-leans-week-4-2026,,401858469,WIN,true,"Oregon Ducks 41, USC Trojans 27",https://www.espn.com/college-football/game/_/gameId/401858469,,manual,price-unstated,,86
78b8304d51ec2647f1535d1e4cf344507d81a89f8e37c1845f349b289c22bf5c,verified,Jason Logan (Covers),NFL,Atlanta Falcons @ New Orleans Saints,spread,Atlanta Falcons,2.5,,2026-09-30 13:55 ET,2026-10-05,,https://www.covers.com/nfl/picks-and-predictions-week-4-2026,,,PENDING,false,Not final,,,,price-unstated,,228
7ad6a8986d3353fc8ea9b2a3df92dae684c2d9004c3508d559cd07d4beec2526,verified,Josh Inglis (Covers),MLB,Houston Astros @ Athletics,total,Over,8.5,,2026-09-25 11:42 ET,2026-09-25,,https://www.covers.com/mlb/expert-picks-at-prediction-markets-friday-sept-25-2026,,401817085,WIN,true,"Houston Astros 5, Athletics 6",https://www.espn.com/mlb/game/_/gameId/401817085,,manual,price-unstated,,161
7ae944007200ceaabc0be8464cdcdf56b720e94721fc4393941da514cbcec9d4,verified,Joe Osborne (Covers),MLB,Boston Red Sox @ New York Yankees,total,Over,6.5,,2026-09-30 14:50 ET,2026-09-30,,https://www.covers.com/mlb/expert-picks-best-bets-wednesday-sept-30-2026,,401907963,WIN,true,"Boston Red Sox 2, New York Yankees 9",https://www.espn.com/mlb/game/_/gameId/401907963,,manual,price-unstated,,218
7b7b615f38efc74536e92cd99548e55f175f405a59f22532563f60a813f08ee3,verified,Joshua Nunn (Action Network),CFB,Northern Illinois Huskies @ Georgia State Panthers,total,Over,55.5,,2026-09-26 07:48 ET,2026-09-26,,https://www.actionnetwork.com/ncaaf/week-4-college-football-picks-predictions-under-the-radar-games-saturday-sept-26,,401864511,LOSS,true,"Northern Illinois Huskies 14, Georgia State Panthers 35",https://www.espn.com/college-football/game/_/gameId/401864511,,manual,price-unstated,,172
7bc2208f7ea89548e561692367dfb8ccb53fbb2067cfecbbf0afa2135a4b3e83,verified,Todd Cordell (Covers),MLB,Cleveland Guardians @ Boston Red Sox,moneyline,Boston Red Sox,,,2026-09-23 10:13 ET,2026-09-23,,https://www.covers.com/mlb/guardians-vs-red-sox-prediction-picks-odds-wednesday-9-23-2026,,401817046,WIN,true,"Cleveland Guardians 0, Boston Red Sox 1",https://www.espn.com/mlb/game/_/gameId/401817046,,manual,price-unstated,,123
7c5bd348d59a179012065882bca10a8d23473d82962a5bf80c831ae81b000a7b,verified,Jason Logan (Covers),NFL,Indianapolis Colts @ Kansas City Chiefs,spread,Kansas City Chiefs,-6.5,,2026-09-16 09:36 ET,2026-09-20,,https://www.covers.com/nfl/colts-vs-chiefs-predictions-odds-early-leans-week-2-2026,,401872945,LOSS,true,"Indianapolis Colts 30, Kansas City Chiefs 33",https://www.espn.com/nfl/game/_/gameId/401872945,,manual,price-unstated,,27
7d173317bd5ed243bdd138df666704ae42fb4d55a8055d074b335eabda9e1fe2,verified,Todd Cordell (Covers),MLB,Cleveland Guardians @ Boston Red Sox,total,Under,7.5,,2026-09-23 10:13 ET,2026-09-23,,https://www.covers.com/mlb/guardians-vs-red-sox-prediction-picks-odds-wednesday-9-23-2026,,401817046,WIN,true,"Cleveland Guardians 0, Boston Red Sox 1",https://www.espn.com/mlb/game/_/gameId/401817046,,manual,price-unstated,,124
7d801cf64d43537f62cb998a599425c39e910bee5ebb19cd23531c4bff6ea0fc,verified,Quinn Allen (Covers),MLB,Milwaukee Brewers @ Philadelphia Phillies,moneyline,Milwaukee Brewers,,,2026-09-24 10:56 ET,2026-09-24,,https://www.covers.com/mlb/moneyline-picks-thursday-9-24-2026,,401817062,WIN,true,"Milwaukee Brewers 5, Philadelphia Phillies 1",https://www.espn.com/mlb/game/_/gameId/401817062,,manual,price-unstated,,52
7ef2c5651730af0cdba904f30c15a67a82833379d0c6e67b1aad20ccfd5be2b3,verified,Todd Cordell (Covers),MLB,Miami Marlins @ San Diego Padres,moneyline,Padres,,,2026-09-20 09:23 ET,2026-09-20,,https://www.covers.com/mlb/marlins-vs-padres-prediction-picks-odds-sunday-9-20-2026,,401817023,WIN,true,"SD 7, MIA 3",https://www.espn.com/mlb/recap?gameId=401817023,,manual,price-unstated;manual-grade,,9
7ef40ccf42fda271dd5448c26efbdefde6db798ceffd9a37b14174218dfe4424,verified,Rob Paul (Covers),CFB,Howard Bison @ Rutgers Scarlet Knights,spread,Rutgers Scarlet Knights,-42.5,,2026-09-25 15:24 ET,2026-09-25,,https://www.covers.com/ncaaf/friday-night-football-best-bets-week-4-2026,,401858468,WIN,true,"Howard Bison 7, Rutgers Scarlet Knights 58",https://www.espn.com/college-football/game/_/gameId/401858468,,manual,price-unstated,,80
8267b40002f3e31f9b6f92b5be094525ca0d1d1a245bc8940727cbcf69aeb906,verified,Chris Hatfield (Covers),MLB,Boston Red Sox @ New York Yankees,total,Under,6.5,,2026-09-30 14:23 ET,2026-09-30,,https://www.covers.com/mlb/red-sox-vs-yankees-prediction-picks-odds-wednesday-9-30-2026,,401907963,LOSS,true,"Boston Red Sox 2, New York Yankees 9",https://www.espn.com/mlb/game/_/gameId/401907963,,manual,price-unstated,,216
877641498cb27e978fd2c15cac909b3936270a6fff462aed897208ad54097a4f,verified,Quinn Allen (Covers),MLB,Miami Marlins @ Chicago Cubs,moneyline,Chicago Cubs,,,2026-09-24 10:56 ET,2026-09-24,,https://www.covers.com/mlb/moneyline-picks-thursday-9-24-2026,,401817066,WIN,true,"Miami Marlins 1, Chicago Cubs 2",https://www.espn.com/mlb/game/_/gameId/401817066,,manual,price-unstated,,49
8790b68210720fa4a6760e83febb205ff2c3e29f42f695fdd7f904f8c0bb3ab3,verified,Quinn Allen (Covers),NFL,Green Bay Packers @ Tampa Bay Buccaneers,spread,Green Bay Packers,-3.5,,2026-09-28 08:52 ET,2026-10-04,,https://www.covers.com/nfl/packers-vs-buccaneers-predictions-odds-early-leans-week-4-2026,,,PENDING,false,Not final,,,,price-unstated,,235
8796101ad0ffba0b61690c545355dd65d62577fff9766894fc5507119e277ddd,verified,The Commish (ProCappers),NFL,Green Bay Packers @ New York Jets,spread,Packers,-3.5,,2026-09-20,2026-09-20,,https://procappers.com/article/free-sports-picks-for-today-september-20-2026,,401872936,LOSS,true,"GB 20, NYJ 17 (OT)",https://www.espn.com/nfl/recap?gameId=401872936,,manual,post-time-unconfirmed;price-unstated;manual-grade,,5
88203142ca2f7517e12f7bb6eaf25da21b18c1a24e1e1642781ef92489aa9563,verified,Rob Paul (Covers),CFB,Oregon Ducks @ USC Trojans,total,Over,61.5,,2026-09-26 17:17 ET,2026-09-26,,https://www.covers.com/ncaaf/oregon-vs-usc-prediction-picks-odds-best-bets-tonight-sept-26-2026,,401858469,WIN,true,"Oregon Ducks 41, USC Trojans 27",https://www.espn.com/college-football/game/_/gameId/401858469,,manual,price-unstated,,73
88b9664c479ba42b3435c833741346e4c50c79ba5f2c472a77ae729175842c1c,verified,Jason Logan (Covers),NFL,New York Jets @ Chicago Bears,total,Over,43.5,,2026-09-29 12:39 ET,2026-10-04,,https://www.covers.com/nfl/jets-vs-bears-prediction-picks-odds-early-leans-week-4-2026,,,PENDING,false,Not final,,,,price-unstated,,234
892916383620aa50a471ddd324758faec009be2a6b8e4d94b3293518e001c539,verified,RoadToCFB (Action Network),CFB,Kennesaw State Owls @ Tennessee Volunteers,spread,Tennessee,-34.5,-112,2026-09-19 06:31 ET,2026-09-19,,https://www.actionnetwork.com/ncaaf/kennesaw-state-owls-vs-tennessee-volunteers-prediction-pick-odds-college-football-saturday-september-19,,401856692,LOSS,true,"Kennesaw State Owls 9, Tennessee Volunteers 42",https://www.espn.com/college-football/game/_/gameId/401856692,,manual,,,196
89746581f9e382037c2d12cef87b22ee90046499908d10107d0330e4e15b33dd,verified,Joshua Nunn (Action Network),CFB,Stanford Cardinal @ Duke Blue Devils,spread,Stanford,9,,2026-09-19 05:51 ET,2026-09-19,,https://www.actionnetwork.com/ncaaf/stanford-cardinal-vs-duke-blue-devils-prediction-pick-odds-ncaaf-saturday-september-19,,401858231,LOSS,true,"Stanford Cardinal 7, Duke Blue Devils 35",https://www.espn.com/college-football/game/_/gameId/401858231,,manual,price-unstated,,184
8a7e41b2916212352d740755418f2c669d296c95cb1c61fd19eb39f5160c030f,verified,Quinn Allen (Covers),MLB,Minnesota Twins @ San Francisco Giants,moneyline,Minnesota Twins,,,2026-09-21 10:44 ET,2026-09-21,,https://www.covers.com/mlb/twins-vs-giants-prediction-picks-odds-monday-9-21-2026,,401817029,LOSS,true,"Minnesota Twins 2, San Francisco Giants 5",https://www.espn.com/mlb/game/_/gameId/401817029,,manual,price-unstated,,67
8b66648dceae2597c32eea5a319fb8255a3abf4122bf9af3e8e71d4d89bb41c2,verified,Todd Cordell (Covers),MLB,Tampa Bay Rays @ New York Yankees,moneyline,New York Yankees,,,2026-09-24 10:27 ET,2026-09-24,,https://www.covers.com/mlb/rays-vs-yankees-prediction-picks-odds-thursday-9-24-2026,,401817064,WIN,true,"Tampa Bay Rays 4, New York Yankees 6",https://www.espn.com/mlb/game/_/gameId/401817064,,manual,price-unstated,,119
8c06f8b99037fd5fbbc557b85afa67728788ccdb4aa884f6eee4233bacb209f9,verified,Quinn Allen (Covers),NFL,Cincinnati Bengals @ Pittsburgh Steelers,total,Under,42.5,,2026-09-22 08:13 ET,2026-09-27,,https://www.covers.com/nfl/bengals-vs-steelers-predictions-odds-early-leans-week-3-2026,,401872950,LOSS,true,"Cincinnati Bengals 27, Pittsburgh Steelers 30",https://www.espn.com/nfl/game/_/gameId/401872950,,manual,price-unstated,,66
8f9cdb65be1f70d6a5dd578324dceaba8bebbcf1f3588b6d0f5094df1533af1d,verified,Todd Cordell (Covers),MLB,Arizona Diamondbacks @ San Diego Padres,moneyline,Arizona Diamondbacks,,,2026-09-27 09:23 ET,2026-09-27,,https://www.covers.com/mlb/diamondbacks-vs-padres-prediction-picks-odds-sunday-9-27-2026,,401817114,LOSS,true,"Arizona Diamondbacks 4, San Diego Padres 9",https://www.espn.com/mlb/game/_/gameId/401817114,,manual,price-unstated,,105
901ef8fcf99f4813b78306906f0ef26d1a9feac5bd5c514fe4f1d48f6210fac3,verified,Jason Logan (Covers),NFL,Washington Commanders @ Dallas Cowboys,spread,Commanders,4.5,,2026-09-16 ~ updated 2026-09-20 07:29 ET,2026-09-20,,https://www.covers.com/nfl/picks-and-predictions-week-2-2026,,401872944,LOSS,true,"DAL 37, WSH 20",https://www.espn.com/nfl/game?gameId=401872944,,manual,price-unstated;manual-grade,,1
91e926cdb77166f064d7cd7fce55c0602a62429055c93c871e60b4b43e58429e,verified,Rob Paul (Covers),CFB,James Madison Dukes @ San Diego State Aztecs,spread,James Madison Dukes,2.5,,2026-09-19 08:24 ET,2026-09-19,,https://www.covers.com/ncaaf/group-of-6-picks-week-3-2026,,401860887,WIN,true,"James Madison Dukes 26, San Diego State Aztecs 13",https://www.espn.com/college-football/game/_/gameId/401860887,,manual,price-unstated,,91
9236b7e522d50f07490fb8e925595cc2f1d35f215bb6e4d7b6192b9db4756e89,verified,Joshua Nunn (Action Network),CFB,Central Michigan Chippewas @ Miami Hurricanes,spread,Miami,-41.5,,2026-09-26 05:56 ET,2026-09-26,,https://www.actionnetwork.com/ncaaf/central-michigan-chippewas-vs-miami-hurricanes-prediction-pick-odds-college-football-saturday-september-26,,401858238,WIN,true,"Central Michigan Chippewas 3, Miami Hurricanes 52",https://www.espn.com/college-football/game/_/gameId/401858238,,manual,price-unstated,,175
92e808b29913d66bd59b7a6790418cccf3c5826d9d678d83331fb8c99012adc4,verified,Quinn Allen (Covers),MLB,New York Mets @ Texas Rangers,moneyline,Texas Rangers,,,2026-09-24 10:56 ET,2026-09-24,,https://www.covers.com/mlb/moneyline-picks-thursday-9-24-2026,,401817067,WIN,true,"New York Mets 1, Texas Rangers 3",https://www.espn.com/mlb/game/_/gameId/401817067,,manual,price-unstated,,50
937c0f047111bfc97966f45bf6d3f26635159b3867dbaf6fbd6b01c14071f458,verified,Rob Paul (Covers),CFB,Northwestern Wildcats @ Indiana Hoosiers,spread,Indiana Hoosiers,-20.5,,2026-09-25 15:24 ET,2026-09-25,,https://www.covers.com/ncaaf/friday-night-football-best-bets-week-4-2026,,401858461,LOSS,true,"Northwestern Wildcats 23, Indiana Hoosiers 29",https://www.espn.com/college-football/game/_/gameId/401858461,,manual,price-unstated,,82
9489f291a38555865b34cc20cf3fd138472e4c64199028517233f4c913d7fb5c,verified,Todd Cordell (Covers),MLB,Cleveland Guardians @ Kansas City Royals,total,Under,8.5,,2026-09-26 10:01 ET,2026-09-26,,https://www.covers.com/mlb/guardians-vs-royals-prediction-picks-odds-saturday-9-26-2026,,401817094,LOSS,true,"Cleveland Guardians 11, Kansas City Royals 5",https://www.espn.com/mlb/game/_/gameId/401817094,,manual,price-unstated,,110
9657c4c916ed11ed118d18d1510104c1a426e9e626e7013f14a040603cd4ca37,verified,Ryan Minion (Action Network),CFB,Northwestern Wildcats @ Indiana Hoosiers,spread,Indiana,-20.5,,2026-09-25 18:56 ET,2026-09-25,,https://www.actionnetwork.com/ncaaf/northwestern-wildcats-vs-indiana-hoosiers-prediction-pick-odds-college-football-friday-september-25,,401858461,LOSS,true,"Northwestern Wildcats 23, Indiana Hoosiers 29",https://www.espn.com/college-football/game/_/gameId/401858461,,manual,price-unstated,,206
9753811e6cae7c3d7b9e79ad2a0b8b611e9c51d1214a383cad2cda609c0044c8,verified,Quinn Allen (Covers),NFL,Cleveland Browns @ Tampa Bay Buccaneers,total,Over,41.5,,2026-09-15 07:38 ET,2026-09-20,,https://www.covers.com/nfl/browns-vs-buccaneers-predictions-odds-early-leans-week-2-2026,,401872935,WIN,true,"Cleveland Browns 23, Tampa Bay Buccaneers 19",https://www.espn.com/nfl/game/_/gameId/401872935,,manual,price-unstated,,72
9812dd8f89f21e92d1b2f314d8ec2b283a9f1fe2beebc336ff0a25b1925aed73,verified,Quinn Allen (Covers),MLB,Minnesota Twins @ San Francisco Giants,total,Over,7.5,,2026-09-22 11:43 ET,2026-09-22,,https://www.covers.com/mlb/twins-vs-giants-prediction-picks-odds-tuesday-9-22-2026,,401817043,LOSS,true,"Minnesota Twins 3, San Francisco Giants 2",https://www.espn.com/mlb/game/_/gameId/401817043,,manual,price-unstated,,62
994d2b8c844319235184b280d96f817affb393770cd0cc2c5cf16ce0fac3ecb3,verified,Rob Paul (Covers),CFB,Kent State Golden Flashes @ Ohio State Buckeyes,total,Over,59.5,,2026-09-19 09:00 ET,2026-09-19,,https://www.covers.com/ncaaf/kent-state-vs-ohio-state-prediction-picks-odds-today-sept-19-2026,,401858454,WIN,true,"Kent State Golden Flashes 3, Ohio State Buckeyes 59",https://www.espn.com/college-football/game/_/gameId/401858454,,manual,price-unstated,,90
995ba6394a1247350f1d121057e5c763c47f6b675164ed415ca31a6b5b3b5e8a,verified,Jon Metler (Covers),MLB,San Diego Padres @ Los Angeles Dodgers,moneyline,San Diego Padres,,,2026-09-24 11:03 ET,2026-09-24,,https://www.covers.com/mlb/expert-picks-at-prediction-markets-thursday-sept-24-2026,,401817071,WIN,true,"San Diego Padres 4, Los Angeles Dodgers 2",https://www.espn.com/mlb/game/_/gameId/401817071,,manual,price-unstated,,166
9adc8f66aba9812f13b7a37e5575d9d384a50ac60152cbef2e9d686eef5f953e,verified,Quinn Allen (Covers),NFL,Dallas Cowboys @ Houston Texans,spread,Dallas Cowboys,2.5,,2026-09-28 11:00 ET,2026-10-04,,https://www.covers.com/nfl/cowboys-vs-texans-predictions-odds-early-leans-week-4-2026,,,PENDING,false,Not final,,,,price-unstated,,239
9afacddc9270661323a198fc08a8ff0346a19d442096663b21976abbf3d15980,verified,Jason Logan (Covers),NFL,Seattle Seahawks @ Washington Commanders,total,Over,40.5,,2026-09-22 12:04 ET,2026-09-27,,https://www.covers.com/nfl/seahawks-vs-commanders-predictions-odds-early-leans-week-3-2026,,401872955,WIN,true,"Seattle Seahawks 31, Washington Commanders 33",https://www.espn.com/nfl/game/_/gameId/401872955,,manual,price-unstated,,19
9b077e14a58fad02ef99d10635ff5914dd212c877ef764e9cf1f0f08a2574534,verified,Jason Logan (Covers),NFL,Philadelphia Eagles @ Chicago Bears,spread,Philadelphia Eagles,-3.5,,2026-09-22 09:39 ET,2026-09-28,,https://www.covers.com/nfl/eagles-vs-bears-predictions-odds-early-leans-week-3-2026,,401872963,LOSS,true,"Philadelphia Eagles 7, Chicago Bears 27",https://www.espn.com/nfl/game/_/gameId/401872963,,manual,price-unstated,,20
9cf4035b87e975ed645310bba1ebdd0eb5e55c3c293f30ee287614530456be3c,verified,Rob Paul (Covers),CFB,South Florida Bulls @ Bowling Green Falcons,spread,South Florida Bulls,-17.5,,2026-09-26 08:26 ET,2026-09-26,,https://www.covers.com/ncaaf/group-of-6-picks-week-4-2026,,401862785,LOSS,true,"South Florida Bulls 14, Bowling Green Falcons 6",https://www.espn.com/college-football/game/_/gameId/401862785,,manual,price-unstated,,76
9e41688c37212ea471968485d5f08e91fe1e98578130a81fda6cf58e9c0f1561,verified,Todd Cordell (Covers),MLB,Boston Red Sox @ Tampa Bay Rays,moneyline,Tampa Bay Rays,,,2026-09-19 09:51 ET,2026-09-19,,https://www.covers.com/mlb/red-sox-vs-rays-prediction-picks-odds-saturday-9-19-2026,,401816998,WIN,true,"Boston Red Sox 1, Tampa Bay Rays 2",https://www.espn.com/mlb/game/_/gameId/401816998,,manual,price-unstated,,133
9e9e210454cd61278519b3798c36a5f63151f39ad67358820572bf9dc984fb76,verified,Joe Osborne (Covers),NFL,Kansas City Chiefs @ Miami Dolphins,total,Under,45.5,,2026-09-21 14:40 ET,2026-09-27,,https://www.covers.com/nfl/chiefs-vs-dolphins-predictions-odds-early-leans-week-3-2026,,401872952,WIN,true,"Kansas City Chiefs 24, Miami Dolphins 10",https://www.espn.com/nfl/game/_/gameId/401872952,,manual,price-unstated,,142
a08423881ae69872df9d91d467e8b673fbd3b68d2295cce1eacd4b470334a140,verified,Jason Logan (Covers),NFL,Atlanta Falcons @ New Orleans Saints,total,Over,47.5,,2026-09-28 23:47 ET,2026-10-05,,https://www.covers.com/nfl/predictions-to-bet-now-bet-later-week-4-2026,,,PENDING,false,Not final,,,,price-unstated,,225
a0cf9250e8ecb8dce6e1e0a18a320d8a1dfd762fe1d4e0fc440bb120ad4bd99f,verified,Chris Hatfield (Covers),MLB,Milwaukee Brewers @ Baltimore Orioles,run_line,Brewers,-1.5,,2026-09-20 13:21 ET,2026-09-20,,https://www.covers.com/mlb/brewers-vs-orioles-prediction-picks-odds-sunday-9-20-2026,,401817016,WIN,true,"MIL 3, BAL 0",https://www.espn.com/mlb/recap/_/gameId/401817016,,manual,price-unstated;manual-grade,,7
a436a7c28149aa2fe2b90543df91d6eb94094bdbacd8f8c752628c64e3e92cc8,verified,Jason Logan (Covers),NFL,Indianapolis Colts @ Kansas City Chiefs,total,Under,46.5,,2026-09-20 17:22 ET,2026-09-20,,https://www.covers.com/nfl/colts-vs-chiefs-prediction-picks-best-bets-tonight-sept-20-2026,,401872945,LOSS,true,"Indianapolis Colts 30, Kansas City Chiefs 33",https://www.espn.com/nfl/game/_/gameId/401872945,,manual,price-unstated,,25
a50c6861e1e0ab3eb4af849177cc76ba829f6d3156ba9546059156e69fb4ec7c,verified,Quinn Allen (Covers),MLB,Chicago White Sox @ Houston Astros,moneyline,Houston Astros,,,2026-09-30 14:57 ET,2026-09-30,,https://www.covers.com/mlb/moneyline-picks-wednesday-sept-30-2026,,401907897,LOSS,true,"Chicago White Sox 7, Houston Astros 3",https://www.espn.com/mlb/game/_/gameId/401907897,,manual,price-unstated,,212
a53439bb043c5ebdf3d9faad56c92332c68e30239f17fde5434ba3a248b7c146,verified,Jason Logan (Covers),NFL,Denver Broncos @ San Francisco 49ers,spread,Denver Broncos,2.5,,2026-09-30 13:55 ET,2026-10-04,,https://www.covers.com/nfl/picks-and-predictions-week-4-2026,,,PENDING,false,Not final,,,,price-unstated,,226
a6207c55c3f469a4248d0034e616513690353a7270bf6ffea411a68e24cf43e0,verified,Ryan Minion (Action Network),CFB,Purdue Boilermakers @ UCLA Bruins,spread,Purdue,14.5,,2026-09-19 20:12 ET,2026-09-19,,https://www.actionnetwork.com/ncaaf/purdue-boilermakers-vs-ucla-bruins-prediction-pick-odds-college-football-saturday-september-19,,401858458,WIN,true,"Purdue Boilermakers 38, UCLA Bruins 52",https://www.espn.com/college-football/game/_/gameId/401858458,,manual,price-unstated,,210
ab57a2f642ff50a4b33ed96e026d602071e8f52e8193568c4e3dc53c74fa9deb,verified,Jason Logan (Covers),NFL,Baltimore Ravens vs Dallas Cowboys (neutral site; ESPN lists Dallas Cowboys as home),total,Under,52.5,,2026-09-27 13:33 ET,2026-09-27,,https://www.covers.com/nfl/ravens-vs-cowboys-prediction-picks-best-bets-today-sept-27-2026,,401872960,LOSS,true,"Baltimore Ravens 34, Dallas Cowboys 31",https://www.espn.com/nfl/game/_/gameId/401872960,,manual,price-unstated,,15
adfcd83fd1a0e38220d12be152614c94b46734bd06930c99e8a705e5257f30b6,verified,Quinn Allen (Covers),MLB,St. Louis Cardinals @ Milwaukee Brewers,moneyline,Milwaukee Brewers,,,2026-09-25 08:52 ET,2026-09-25,,https://www.covers.com/mlb/moneyline-picks-friday-9-25-2026,,401817081,WIN,true,"St. Louis Cardinals 4, Milwaukee Brewers 8",https://www.espn.com/mlb/game/_/gameId/401817081,,manual,price-unstated,,41
b13eac61850175c77060750c42d48926cdd3dc61b1c7fb0614347714af521970,verified,Quinn Allen (Covers),NFL,Green Bay Packers @ Tampa Bay Buccaneers,total,Over,40.5,,2026-09-28 08:52 ET,2026-10-04,,https://www.covers.com/nfl/packers-vs-buccaneers-predictions-odds-early-leans-week-4-2026,,,PENDING,false,Not final,,,,price-unstated,,236
b148d5ca9a65907a75bd7fa1d1a65b40afa86b3570ac88ce09d734f45c5b0a7e,verified,Chris Hatfield (Covers),CFB,Arizona State Sun Devils vs Kansas Jayhawks (neutral site; ESPN lists Kansas Jayhawks as home),total,Over,51.5,,2026-09-18 09:15 ET,2026-09-19,,https://www.covers.com/ncaaf/arizona-state-vs-kansas-prediction-picks-odds-sept-19-2026,,401856812,LOSS,true,"Arizona State Sun Devils 24, Kansas Jayhawks 17",https://www.espn.com/college-football/game/_/gameId/401856812,,manual,price-unstated,,102
b167992b29a4518aa91a8ca36dfddcdcd224fa01ec975855555bd7e5c0abb821,verified,Ryan Minion (Action Network),MLB,Cincinnati Reds @ Atlanta Braves,run_line,Braves,-1.5,-111,2026-09-23 11:02 ET,2026-09-23,,https://www.actionnetwork.com/mlb/cincinnati-reds-vs-atlanta-braves-prediction-pick-mlb-odds-wednesday-september-23,,401817045,LOSS,true,"Cincinnati Reds 2, Atlanta Braves 3",https://www.espn.com/mlb/game/_/gameId/401817045,,manual,,,207
b2252fcccbdb287f7430abb21caa574c6872a1a7eefa1ffb484f6b95d576ba93,verified,Ryan Minion (Action Network),MLB,Los Angeles Angels @ Seattle Mariners,moneyline (F5),Seattle Mariners F5,,,2026-09-27 07:06 ET,2026-09-27,,https://www.actionnetwork.com/mlb/los-angeles-angels-vs-seattle-mariners-prediction-pick-mlb-odds-sunday-september-27,,401817113,WIN,true,"Los Angeles Angels 3, Seattle Mariners 7 [F5: LAA 0, SEA 3]",https://www.espn.com/mlb/game/_/gameId/401817113,,manual,price-unstated;partial-game;manual-grade,,199
b27ac8ab78833756650567aa321d0159aae0a99270374fc7c1ee719916bc1636,verified,Quinn Allen (Covers),MLB,Minnesota Twins @ San Francisco Giants,total,Over,8.5,,2026-09-21 10:44 ET,2026-09-21,,https://www.covers.com/mlb/twins-vs-giants-prediction-picks-odds-monday-9-21-2026,,401817029,LOSS,true,"Minnesota Twins 2, San Francisco Giants 5",https://www.espn.com/mlb/game/_/gameId/401817029,,manual,price-unstated,,68
b2ffa199ea4b75297c3540e5ef869b0c6bd505674fc00949fd85da669213535d,verified,Jon Metler (Covers),MLB,Boston Red Sox @ New York Yankees,moneyline,New York Yankees,,,2026-09-29 08:42 ET,2026-09-29,,https://www.covers.com/mlb/expert-picks-at-prediction-markets-tuesday-sept-29-2026,,401907924,WIN,true,"Boston Red Sox 0, New York Yankees 9",https://www.espn.com/mlb/game/_/gameId/401907924,,manual,price-unstated,,159
b4f7666ec979a0b7555b3443f729b8c80531b5147dc2e00fe1291f5c85377344,verified,The Commish (ProCappers),NFL,Minnesota Vikings @ Chicago Bears,spread,Vikings,4.5,,2026-09-20,2026-09-20,,https://procappers.com/article/free-sports-picks-for-today-september-20-2026,,401872937,WIN,true,"MIN 9, CHI 3",https://www.espn.com/nfl/recap/_/gameId/401872937,,manual,post-time-unconfirmed;price-unstated;manual-grade,,6
b5ac606a9196468ea8082be3606a9cfbec323b36f2696732ba8fc71c7d43a23e,verified,Jason Logan (Covers),NFL,Washington Commanders @ Dallas Cowboys,total,Over,49.5,,2026-09-20 13:25 ET,2026-09-20,,https://www.covers.com/nfl/commanders-vs-cowboys-prediction-picks-best-bets-today-sept-20-2026,,401872944,WIN,true,"Washington Commanders 20, Dallas Cowboys 37",https://www.espn.com/nfl/game/_/gameId/401872944,,manual,price-unstated,,26
b63a04cf4306682acb4643cd5a9f3feef8c911439714b54c7a1024864a9f88b3,verified,Dustin Saracini (Covers),NFL,Denver Broncos @ San Francisco 49ers,total,Over,46.5,,2026-09-28 17:43 ET,2026-10-04,,https://www.covers.com/nfl/broncos-vs-49ers-predictions-odds-early-leans-week-4-2026,,,PENDING,false,Not final,,,,price-unstated,,244
b6e5fc12101b1cb86e34e7502915f26b76cf02fc570feee4569a2f0962d105e2,verified,Quinn Allen (Covers),MLB,Houston Astros @ Athletics,moneyline,Houston Astros,,,2026-09-25 08:52 ET,2026-09-25,,https://www.covers.com/mlb/moneyline-picks-friday-9-25-2026,,401817085,LOSS,true,"Houston Astros 5, Athletics 6",https://www.espn.com/mlb/game/_/gameId/401817085,,manual,price-unstated,,43
b842d32ecac647cfc8f84993ff367466c12bd2df6ad7468980dd05c69bc5131e,verified,Dustin Saracini (Covers),NFL,Kansas City Chiefs @ Miami Dolphins,spread,Kansas City Chiefs,-10.5,,2026-09-27 09:44 ET,2026-09-27,,https://www.covers.com/nfl/chiefs-vs-dolphins-prediction-picks-best-bets-today-sept-27-2026,,401872952,WIN,true,"Kansas City Chiefs 24, Miami Dolphins 10",https://www.espn.com/nfl/game/_/gameId/401872952,,manual,price-unstated,,149
b9517466d320443df9cc8ce9637631e705e5280d44122cf2b9d9a948731da02e,verified,Jason Logan (Covers),NFL,Minnesota Vikings @ Chicago Bears,total,Under,49.5,,2026-09-14 15:01 ET,2026-09-20,,https://www.covers.com/nfl/vikings-vs-bears-predictions-odds-early-leans-week-2-2026,,401872937,WIN,true,"Minnesota Vikings 9, Chicago Bears 3",https://www.espn.com/nfl/game/_/gameId/401872937,,manual,price-unstated,,32
b99d3512d2a32251d242dd4c7457455fdc601529d69259d28516763a43a4010f,verified,Joshua Nunn (Action Network),CFB,Tulsa Golden Hurricane @ Arkansas Razorbacks,spread,Tulsa,7,,2026-09-26 07:48 ET,2026-09-26,,https://www.actionnetwork.com/ncaaf/week-4-college-football-picks-predictions-under-the-radar-games-saturday-sept-26,,401856697,LOSS,true,"Tulsa Golden Hurricane 6, Arkansas Razorbacks 34",https://www.espn.com/college-football/game/_/gameId/401856697,,manual,price-unstated,,173
bcbc10515b3697200b5b3ef1c855b9911bdc0fd7f8d4ffda84e3dff42c1d1f5b,verified,Quinn Allen (Covers),MLB,New York Mets @ Texas Rangers,total,Over,7.5,,2026-09-22 10:08 ET,2026-09-22,,https://www.covers.com/mlb/mets-vs-rangers-prediction-picks-odds-tuesday-9-22-2026,,401817039,WIN,true,"New York Mets 6, Texas Rangers 3",https://www.espn.com/mlb/game/_/gameId/401817039,,manual,price-unstated,,64
bce974269d1a8f5c007373cd2c33edbc2406259bc45cfc58457db558ef3bcc97,verified,Quinn Allen (Covers),MLB,Washington Nationals @ Detroit Tigers,total,Under,8.5,,2026-09-21 07:20 ET,2026-09-21,,https://www.covers.com/mlb/nationals-vs-tigers-prediction-picks-odds-monday-9-21-2026,,401817028,LOSS,true,"Washington Nationals 2, Detroit Tigers 9",https://www.espn.com/mlb/game/_/gameId/401817028,,manual,price-unstated,,70
bd416705e42be9ff75da7abbb29ae6d26ec54129983f04ec83f4c9dedf307e80,verified,Jason Logan (Covers),NFL,Atlanta Falcons @ Green Bay Packers,total,Under,44.5,,2026-09-22 08:11 ET,2026-09-24,,https://www.covers.com/nfl/falcons-vs-packers-predictions-odds-early-leans-week-3-2026,,401872948,LOSS,true,"Atlanta Falcons 35, Green Bay Packers 14",https://www.espn.com/nfl/game/_/gameId/401872948,,manual,price-unstated,,23
bf3c910dffdb8b973b774e91e8a7ee97686967ec14ed3827adf9c2fbf8f6c6f5,verified,Quinn Allen (Covers),NFL,Dallas Cowboys @ Houston Texans,total,Over,47.5,,2026-09-28 11:00 ET,2026-10-04,,https://www.covers.com/nfl/cowboys-vs-texans-predictions-odds-early-leans-week-4-2026,,,PENDING,false,Not final,,,,price-unstated,,240
bf6db43b168dab1e2960c9639d4bc7100d3698f7e773684802e7a9a41e4e9f52,verified,RoadToCFB (Action Network),CFB,Georgia Tech Yellow Jackets @ Stanford Cardinal,spread,Stanford,3.5,,2026-09-26 21:18 ET,2026-09-26,,https://www.actionnetwork.com/ncaaf/georgia-tech-yellow-jackets-vs-stanford-cardinal-prediction-pick-odds-college-football-saturday-september-26,,401858240,WIN,true,"Georgia Tech Yellow Jackets 27, Stanford Cardinal 34",https://www.espn.com/college-football/game/_/gameId/401858240,,manual,price-unstated,,186
bfa19c0d21cad6252fe8d7964243b905ae711810e548a4f46e197d17f3af5443,verified,Josh Inglis (Covers),MLB,Washington Nationals @ Detroit Tigers,moneyline,Washington Nationals,,,2026-09-21 11:32 ET,2026-09-21,,https://www.covers.com/mlb/expert-picks-at-prediction-markets-monday-sept-21-2026,,401817028,LOSS,true,"Washington Nationals 2, Detroit Tigers 9",https://www.espn.com/mlb/game/_/gameId/401817028,,manual,price-unstated,,169
c0fd691ea7486c38cea9d4dd85a7cc867ce2c79510f3477076cd27b6b8c93566,verified,Quinn Allen (Covers),MLB,Minnesota Twins @ San Francisco Giants,moneyline,San Francisco Giants,,,2026-09-22 11:43 ET,2026-09-22,,https://www.covers.com/mlb/twins-vs-giants-prediction-picks-odds-tuesday-9-22-2026,,401817043,LOSS,true,"Minnesota Twins 3, San Francisco Giants 2",https://www.espn.com/mlb/game/_/gameId/401817043,,manual,price-unstated,,61
c16ef7049048a19b9fde15bffd45d961f2989680783640e07a450f2df704b485,verified,Jason Logan (Covers),NFL,New England Patriots @ Jacksonville Jaguars,spread,Jacksonville Jaguars,-2.5,,2026-09-27 10:18 ET,2026-09-27,,https://www.covers.com/nfl/patriots-vs-jaguars-prediction-picks-best-bets-today-sept-27-2026,,401872957,WIN,true,"New England Patriots 6, Jacksonville Jaguars 35",https://www.espn.com/nfl/game/_/gameId/401872957,,manual,price-unstated,,16
c4172b0692b664942c0b4ad93d53a2a16f730b9f24ad315afa339e5d48a1b108,verified,Joshua Nunn (Action Network),CFB,Northern Iowa Panthers @ Iowa Hawkeyes,spread,Northern Iowa,40.5,,2026-09-19 14:47 ET,2026-09-19,,https://www.actionnetwork.com/ncaaf/northern-iowa-panthers-vs-iowa-hawkeyes-prediction-pick-odds-college-football-saturday-september-19,,401858471,LOSS,true,"Northern Iowa Panthers 0, Iowa Hawkeyes 55",https://www.espn.com/college-football/game/_/gameId/401858471,,manual,price-unstated,,181
c4f7745b00c1d9f312629a897350f335bef1bf00ad10f1566fa78b196704d4b3,verified,Quinn Allen (Covers),MLB,Cincinnati Reds @ Toronto Blue Jays,moneyline,Toronto Blue Jays,,,2026-09-25 08:52 ET,2026-09-25,,https://www.covers.com/mlb/moneyline-picks-friday-9-25-2026,,401817075,WIN,true,"Cincinnati Reds 5, Toronto Blue Jays 6",https://www.espn.com/mlb/game/_/gameId/401817075,,manual,price-unstated,,37
c5511b23c055f5acc5f2ba59be863be3d0ee42f3f3fc25011c652c24b891cd5d,verified,Jason Logan (Covers),NFL,New York Giants @ Los Angeles Rams,spread,Los Angeles Rams,-6.5,,2026-09-16 08:28 ET,2026-09-21,,https://www.covers.com/nfl/giants-vs-rams-predictions-odds-early-leans-week-2-2026,,401872947,WIN,true,"New York Giants 6, Los Angeles Rams 28",https://www.espn.com/nfl/game/_/gameId/401872947,,manual,price-unstated,,28
c6297f3406c9a39926f28c5983dbe890455d539c49344b86a14d918647afc26f,verified,Quinn Allen (Covers),MLB,Chicago White Sox @ Kansas City Royals,moneyline,Chicago White Sox,,,2026-09-24 10:56 ET,2026-09-24,,https://www.covers.com/mlb/moneyline-picks-thursday-9-24-2026,,401817065,WIN,true,"Chicago White Sox 9, Kansas City Royals 1",https://www.espn.com/mlb/game/_/gameId/401817065,,manual,price-unstated,,48
c696c162efc9c0242b4c27f1354758c193100cb34338e69cf6ca15f7872a2089,verified,Todd Cordell (Covers),MLB,Milwaukee Brewers @ Philadelphia Phillies,moneyline,Milwaukee Brewers,,,2026-09-24 10:39 ET,2026-09-24,,https://www.covers.com/mlb/brewers-vs-phillies-prediction-picks-odds-thursday-9-24-2026,,401817062,WIN,true,"Milwaukee Brewers 5, Philadelphia Phillies 1",https://www.espn.com/mlb/game/_/gameId/401817062,,manual,price-unstated,,117
c6f51e55fd9ac9e59a3dadfe53a035cc93e9e32440f49621a9f7170b54515290,verified,Joe Osborne (Covers),NFL,Washington Commanders @ Dallas Cowboys,total,Over,50.5,,2026-09-19 19:58 ET,2026-09-20,,https://www.covers.com/nfl/over-under-predictions-combo-week-2-2026,,401872944,WIN,true,"Washington Commanders 20, Dallas Cowboys 37",https://www.espn.com/nfl/game/_/gameId/401872944,,manual,price-unstated,,144
c78bc377482e9063f09ba6aaf3db4f38160a46ef5de45ecfc62ae6b2f59d4a21,verified,Chris Hatfield (Covers),CFB,Arizona State Sun Devils vs Kansas Jayhawks (neutral site; ESPN lists Kansas Jayhawks as home),spread,Arizona State Sun Devils,-5.5,,2026-09-18 09:15 ET,2026-09-19,,https://www.covers.com/ncaaf/arizona-state-vs-kansas-prediction-picks-odds-sept-19-2026,,401856812,WIN,true,"Arizona State Sun Devils 24, Kansas Jayhawks 17",https://www.espn.com/college-football/game/_/gameId/401856812,,manual,price-unstated,,101
ca25ba7c7b42728aaa7af90fc501ddaf161f6d533856c1130dce8e66bf99d50f,verified,Dustin Saracini (Covers),MLB,Toronto Blue Jays @ Baltimore Orioles,moneyline,Toronto Blue Jays,,,2026-09-21 11:32 ET,2026-09-21,,https://www.covers.com/mlb/expert-picks-at-prediction-markets-monday-sept-21-2026,,401817027,LOSS,true,"Toronto Blue Jays 3, Baltimore Orioles 4",https://www.espn.com/mlb/game/_/gameId/401817027,,manual,price-unstated,,170
ca8343a23a68574e0c58c88974f31101a8f4af730fe71efb930e0820f7811004,verified,Ryan Minion (Action Network),CFB,Boise State Broncos @ Western Michigan Broncos,spread,Boise State,-7,,2026-09-26 13:13 ET,2026-09-26,,https://www.actionnetwork.com/ncaaf/boise-state-broncos-vs-western-michigan-broncos-prediction-pick-odds-ncaaf-saturday-september-26,,401860897,WIN,true,"Boise State Broncos 32, Western Michigan Broncos 7",https://www.espn.com/college-football/game/_/gameId/401860897,,manual,price-unstated,,204
cc48edd5b55691b416d8c5ad6a33c01a2807f71bad9111d3ce0a2dfa23c7cd6c,verified,Todd Cordell (Covers),MLB,Chicago Cubs @ San Diego Padres,total,Under,7.5,,2026-09-29 18:39 ET,2026-09-29,,https://www.covers.com/mlb/cubs-vs-padres-prediction-picks-odds-best-bets-today-9-29-2026,,401907974,LOSS,true,"Chicago Cubs 0, San Diego Padres 8",https://www.espn.com/mlb/game/_/gameId/401907974,,manual,price-unstated,,104
cd48cde9a4aec0fadb4e60b9869cd5dc9c758b6f0657e959c58feaec73a1113a,verified,Jason Logan (Covers),NFL,Seattle Seahawks @ Washington Commanders,spread,Washington Commanders,7.5,,2026-09-22 12:04 ET,2026-09-27,,https://www.covers.com/nfl/seahawks-vs-commanders-predictions-odds-early-leans-week-3-2026,,401872955,WIN,true,"Seattle Seahawks 31, Washington Commanders 33",https://www.espn.com/nfl/game/_/gameId/401872955,,manual,price-unstated,,18
ced6349608ad35aa24e2ef9afcdc03c446496d3f51bdb36ac5ac7f23eb4007f6,verified,Quinn Allen (Covers),MLB,Chicago Cubs @ San Diego Padres,moneyline,Chicago Cubs,,,2026-09-30 14:57 ET,2026-09-30,,https://www.covers.com/mlb/moneyline-picks-wednesday-sept-30-2026,,401907975,LOSS,true,"Chicago Cubs 1, San Diego Padres 4",https://www.espn.com/mlb/game/_/gameId/401907975,,manual,price-unstated,,214
cee0614aed4f38f847a9f79334697c482fee8fcf22856cd3d8f6091a8b7ac705,verified,Quinn Allen (Covers),MLB,Arizona Diamondbacks @ San Diego Padres,moneyline,Arizona Diamondbacks,,,2026-09-25 08:52 ET,2026-09-25,,https://www.covers.com/mlb/moneyline-picks-friday-9-25-2026,,401817084,WIN,true,"Arizona Diamondbacks 11, San Diego Padres 4",https://www.espn.com/mlb/game/_/gameId/401817084,,manual,price-unstated,,44
cf460fa2945c9ad0a76329184e76a75b24c8525a4e94b418816e257e3b21c3c5,verified,Joe Osborne (Covers),NFL,New York Jets @ Detroit Lions,total,Over,47.5,,2026-09-27 08:43 ET,2026-09-27,,https://www.covers.com/nfl/over-under-predictions-combo-week-3-2026,,401872954,WIN,true,"New York Jets 24, Detroit Lions 31",https://www.espn.com/nfl/game/_/gameId/401872954,,manual,price-unstated,,138
d00a1678011ef49109423931631a82d9f5e871611a621deef8b61bed48a994dc,verified,Dustin Saracini (Covers),NFL,Houston Texans @ Indianapolis Colts,total,Over,44.5,,2026-09-21 13:20 ET,2026-09-27,,https://www.covers.com/nfl/texans-vs-colts-predictions-odds-early-leans-week-3-2026,,401872951,LOSS,true,"Houston Texans 17, Indianapolis Colts 19",https://www.espn.com/nfl/game/_/gameId/401872951,,manual,price-unstated,,153
d106320330e8e99e48ecabcb9183d66598ebf5c8f27211134a685fa83bbbc7f6,verified,Rob Paul (Covers),CFB,Navy Midshipmen @ UAB Blazers,spread,Navy Midshipmen,-6.5,,2026-09-25 15:24 ET,2026-09-25,,https://www.covers.com/ncaaf/friday-night-football-best-bets-week-4-2026,,401862778,LOSS,true,"Navy Midshipmen 20, UAB Blazers 24",https://www.espn.com/college-football/game/_/gameId/401862778,,manual,price-unstated,,81
d179908ff957ea1364a78f13c0f61289eea38cd5125ea018aaffdc5a7ebc1a00,verified,Jason Logan (Covers),NFL,Los Angeles Rams @ Denver Broncos,moneyline,Los Angeles Rams,,,2026-09-22 12:14 ET,2026-09-27,,https://www.covers.com/nfl/rams-vs-broncos-predictions-odds-early-leans-week-3-2026,,401872962,LOSS,true,"Los Angeles Rams 26, Denver Broncos 30",https://www.espn.com/nfl/game/_/gameId/401872962,,manual,price-unstated,,17
d1cffdb2a18e7be0c3e3c9cf21856706fde12c718a56054148c262372277dc96,verified,Ryan Minion (Action Network),CFB,Oklahoma Sooners @ Georgia Bulldogs,spread,Georgia,-13.5,,2026-09-26 13:52 ET,2026-09-26,,https://www.actionnetwork.com/ncaaf/oklahoma-sooners-vs-georgia-bulldogs-prediction-pick-odds-college-football-saturday-september-26,,401856700,WIN,true,"Oklahoma Sooners 13, Georgia Bulldogs 41",https://www.espn.com/college-football/game/_/gameId/401856700,,manual,price-unstated,,203
d1d0db59addba3bc411ab0e8756879cebcd274da038ade35b4ca3107faa91dda,verified,RoadToCFB (Action Network),CFB,UNLV Rebels @ Akron Zips,team_total (1H),UNLV 1H team total Over,16.5,-146,2026-09-26 10:52 ET,2026-09-26,,https://www.actionnetwork.com/ncaaf/unlv-rebels-vs-akron-zips-prediction-pick-odds-ncaaf-saturday-sept-26,,401864512,LOSS,true,"UNLV Rebels 38, Akron Zips 10 [1H: UNLV 14, AKR 10]",https://www.espn.com/college-football/game/_/gameId/401864512,,manual,partial-game;manual-grade,,188
d26a93b0473226f4791802dc04c5fdf57d249b356f4327635ffebba048e8922e,verified,Todd Cordell (Covers),MLB,New York Mets @ Texas Rangers,total,Over,8.5,,2026-09-24 09:33 ET,2026-09-24,,https://www.covers.com/mlb/mets-vs-rangers-prediction-picks-odds-thursday-9-24-2026,,401817067,LOSS,true,"New York Mets 1, Texas Rangers 3",https://www.espn.com/mlb/game/_/gameId/401817067,,manual,price-unstated,,122
d3b596380e5da14fd264ed1663275351c2e212daabb07a81b57015636c752788,verified,Joe Osborne (Covers),NFL,Kansas City Chiefs @ Miami Dolphins,spread,Kansas City Chiefs,-10.5,,2026-09-21 14:40 ET,2026-09-27,,https://www.covers.com/nfl/chiefs-vs-dolphins-predictions-odds-early-leans-week-3-2026,,401872952,WIN,true,"Kansas City Chiefs 24, Miami Dolphins 10",https://www.espn.com/nfl/game/_/gameId/401872952,,manual,price-unstated,,141
d4614412f72d953e98961ad294e12072edd0812fd84d13c41b9eaa9b0f61a97e,verified,Quinn Allen (Covers),MLB,St. Louis Cardinals @ Pittsburgh Pirates,moneyline,Pittsburgh Pirates,,,2026-09-24 10:56 ET,2026-09-24,,https://www.covers.com/mlb/moneyline-picks-thursday-9-24-2026,,401817063,WIN,true,"St. Louis Cardinals 1, Pittsburgh Pirates 2",https://www.espn.com/mlb/game/_/gameId/401817063,,manual,price-unstated,,47
d478abc5da2e59eb954b048870374099b00528655b4663d0ac7e087026199a37,verified,Todd Cordell (Covers),MLB,Tampa Bay Rays @ New York Yankees,total,Over,6.5,,2026-09-23 10:08 ET,2026-09-23,,https://www.covers.com/mlb/rays-vs-yankees-prediction-picks-odds-wednesday-9-23-2026,,401817049,WIN,true,"Tampa Bay Rays 2, New York Yankees 9",https://www.espn.com/mlb/game/_/gameId/401817049,,manual,price-unstated,,126
d7d5def8113b825cd0b2e0c1b6b7faaf79affb4d624e25351af792c4b3c7ce08,verified,Joe Osborne (Covers),MLB,Minnesota Twins @ San Francisco Giants,total,Over,7.5,,2026-09-22 17:21 ET,2026-09-22,,https://www.covers.com/mlb/expert-picks-at-prediction-markets-tuesday-sept-22-2026,,401817043,LOSS,true,"Minnesota Twins 3, San Francisco Giants 2",https://www.espn.com/mlb/game/_/gameId/401817043,,manual,price-unstated,,168
d8a8a42fe789a8e76885962bd620cf345db2147294fab3f859dd47057d8070d9,verified,Todd Cordell (Covers),MLB,Cleveland Guardians @ Kansas City Royals,moneyline,Cleveland Guardians,,,2026-09-25 11:04 ET,2026-09-25,,https://www.covers.com/mlb/guardians-vs-royals-prediction-picks-odds-friday-9-25-2026,,401817079,WIN,true,"Cleveland Guardians 12, Kansas City Royals 9",https://www.espn.com/mlb/game/_/gameId/401817079,,manual,price-unstated,,115
d9fffff15b3ca4e22d2d8dd7cb33a87e0e8a5b73857922b346df8cc7a1fd0ae8,verified,Todd Cordell (Covers),MLB,New York Mets @ Texas Rangers,moneyline,Texas Rangers,,,2026-09-24 09:33 ET,2026-09-24,,https://www.covers.com/mlb/mets-vs-rangers-prediction-picks-odds-thursday-9-24-2026,,401817067,WIN,true,"New York Mets 1, Texas Rangers 3",https://www.espn.com/mlb/game/_/gameId/401817067,,manual,price-unstated,,121
da70f565761db2ae8dcb778f79d4e167223133963ba1d3c55bb9d99999a036c1,verified,Joshua Nunn (Action Network),CFB,Oregon State Beavers @ UTEP Miners,team_total,Oregon State team total Over,33.5,,2026-09-26 17:12 ET,2026-09-26,,https://www.actionnetwork.com/ncaaf/oregon-state-beavers-vs-utep-miners-prediction-pick-odds-college-football-saturday-september-26,,401860895,LOSS,true,"Oregon State Beavers 33, UTEP Miners 7",https://www.espn.com/college-football/game/_/gameId/401860895,,manual,price-unstated,,171
dc2c5fde0ba817295277f7974ab301cc7d7aefcb1bc9e6d1671ea07952989b79,verified,Chris Hatfield (Covers),MLB,New York Yankees @ Arizona Diamondbacks,moneyline,New York Yankees,,,2026-09-19 16:33 ET,2026-09-19,,https://www.covers.com/mlb/yankees-vs-diamondbacks-prediction-picks-odds-saturday-9-19-2026,,401817010,LOSS,true,"New York Yankees 3, Arizona Diamondbacks 5",https://www.espn.com/mlb/game/_/gameId/401817010,,manual,price-unstated,,97
dc8cc6d9666bb1e1ebd382054f2d4de22dd07dc5a791fc3e06295cc8c2f7f674,verified,Dustin Saracini (Covers),NFL,New England Patriots @ Buffalo Bills,spread,Buffalo Bills,-6.5,,2026-09-28 14:58 ET,2026-10-04,,https://www.covers.com/nfl/patriots-vs-bills-predictions-odds-early-leans-week-4-2026,,,PENDING,false,Not final,,,,price-unstated,,241
dd4ff1462198bc1513d70344a4bdccac1e64e54d10ed45ec6dc3d0f645ec96f3,verified,RoadToCFB (Action Network),CFB,Bowling Green Falcons @ Iowa State Cyclones,spread (1H),Iowa State 1H,-12.5,,2026-09-19 10:29 ET,2026-09-19,,https://www.actionnetwork.com/ncaaf/bowling-green-falcons-vs-iowa-state-cyclones-prediction-pick-odds-college-football-saturday-september-19,,401856798,WIN,true,"Bowling Green Falcons 7, Iowa State Cyclones 55 [1H: BGSU 7, ISU 35]",https://www.espn.com/college-football/game/_/gameId/401856798,,manual,price-unstated;partial-game;manual-grade,,193
de763a4ee75d3c50baf6399ad5015de41a833c20b75f6abaaaa0179261bd904d,verified,Todd Cordell (Covers),MLB,Los Angeles Dodgers @ San Francisco Giants,run_line,Los Angeles Dodgers,-2.5,,2026-09-26 09:38 ET,2026-09-26,,https://www.covers.com/mlb/dodgers-vs-giants-prediction-picks-odds-saturday-9-26-2026,,401817101,LOSS,true,"Los Angeles Dodgers 4, San Francisco Giants 3",https://www.espn.com/mlb/game/_/gameId/401817101,,manual,price-unstated,,111
debce81b2da8c986fe1113b19b9515c28be7fd9ba10b7a893d5b0075899bc5c6,verified,Jason Logan (Covers),NFL,Arizona Cardinals @ New York Giants,spread,New York Giants,2.5,,2026-09-30 13:55 ET,2026-10-04,,https://www.covers.com/nfl/picks-and-predictions-week-4-2026,,,PENDING,false,Not final,,,,price-unstated,,227
df570aea6832319509630c199dc3ab88602d884301ad986e50ffaee83e0e354d,verified,Ryan Minion (Action Network),CFB,Florida Gators @ Auburn Tigers,moneyline,Florida Gators,,-130,2026-09-19 17:07 ET,2026-09-19,,https://www.actionnetwork.com/ncaaf/florida-gators-vs-auburn-tigers-prediction-pick-odds-college-football-saturday-september-19,,401856687,WIN,true,"Florida Gators 44, Auburn Tigers 39",https://www.espn.com/college-football/game/_/gameId/401856687,,manual,,,211
e07850184504f7b820caca7bdaaf8a5d9dd53b60d9ac7592e3a35a767507d8d9,verified,Todd Cordell (Covers),MLB,Miami Marlins @ San Diego Padres,total,Over,7.5,,2026-09-20 09:23 ET,2026-09-20,,https://www.covers.com/mlb/marlins-vs-padres-prediction-picks-odds-sunday-9-20-2026,,401817023,WIN,true,"SD 7, MIA 3 (10 runs)",https://www.espn.com/mlb/recap?gameId=401817023,,manual,price-unstated;manual-grade,,10
e234c5a2398b75785482f78d45bfef8ddd13848bf4d447d41f97227d7c4518f9,verified,Joshua Nunn (Action Network),CFB,Harvard Crimson @ Brown Bears,total,Under,49.5,,2026-09-25 08:11 ET,2026-09-25,,https://www.actionnetwork.com/ncaaf/harvard-crimson-vs-brown-bears-prediction-pick-odds-college-football-friday-september-25,,401867806,WIN,true,"Harvard Crimson 14, Brown Bears 10",https://www.espn.com/college-football/game/_/gameId/401867806,,manual,price-unstated,,177
e2ec471ea93f2d84d295bf5d9da7420437cf922b92059fc097de14bf23d1a865,verified,The Commish (ProCappers),Soccer,Atlético Madrid vs Real Madrid,moneyline,Real Madrid,,~-154,2026-09-20,2026-09-20,,https://procappers.com/article/free-sports-picks-for-today-september-20-2026,,401882865,LOSS,true,"ATM 2, RMA 1",https://www.espn.com/soccer/report/_/gameId/401882865,,manual,post-time-unconfirmed;manual-grade,,11
e328e314a223a3ccfdf61779aa81d9f01e8508fc2b58ac3dc0ec74f5e85fd3fd,verified,Todd Cordell (Covers),MLB,Chicago Cubs @ San Diego Padres,moneyline,San Diego Padres,,,2026-09-29 18:39 ET,2026-09-29,,https://www.covers.com/mlb/cubs-vs-padres-prediction-picks-odds-best-bets-today-9-29-2026,,401907974,WIN,true,"Chicago Cubs 0, San Diego Padres 8",https://www.espn.com/mlb/game/_/gameId/401907974,,manual,price-unstated,,103
e5224ddc0c7854c9fd55a5b99eb8e6c7a3394ee3f8de51626d68fc08335d4da7,verified,Jason Logan (Covers),NFL,Detroit Lions @ Carolina Panthers,spread,Detroit Lions,-3.5,,2026-09-28 12:51 ET,2026-10-04,,https://www.covers.com/nfl/lions-vs-panthers-predictions-odds-early-leans-week-4-2026,,,PENDING,false,Not final,,,,price-unstated,,229
e66aad51f5f70e39bcfea5ed8d8e45928921911d0531f238fab1c5c397a6dd7c,verified,Josh Inglis (Covers),NFL,Philadelphia Eagles @ Chicago Bears,total,Under,42.5,,2026-09-28 17:05 ET,2026-09-28,,https://www.covers.com/nfl/eagles-vs-bears-prediction-picks-best-bets-tonight-sept-28-2026,,401872963,WIN,true,"Philadelphia Eagles 7, Chicago Bears 27",https://www.espn.com/nfl/game/_/gameId/401872963,,manual,price-unstated,,135
e96b90684429757be171ecf9cecaba2829e31853f98a94ff9f998789904eb96e,verified,Quinn Allen (Covers),MLB,Cincinnati Reds @ Atlanta Braves,moneyline,Atlanta Braves,,,2026-09-24 10:56 ET,2026-09-24,,https://www.covers.com/mlb/moneyline-picks-thursday-9-24-2026,,401817060,LOSS,true,"Cincinnati Reds 7, Atlanta Braves 6",https://www.espn.com/mlb/game/_/gameId/401817060,,manual,price-unstated,,55
e9753c156bea1165410bde6efa6ff3a81ac163f4d6a9c84f9f9fc8c91783c7ab,verified,Todd Cordell (Covers),MLB,Cleveland Guardians @ Kansas City Royals,total,Under,8.5,,2026-09-27 08:51 ET,2026-09-27,,https://www.covers.com/mlb/guardians-vs-royals-prediction-picks-odds-sunday-9-27-2026,,401817109,WIN,true,"Cleveland Guardians 2, Kansas City Royals 3",https://www.espn.com/mlb/game/_/gameId/401817109,,manual,price-unstated,,108
ea05febd729fd90497d391609addd866b89f8d9afdb05c12961c0888edaed707,verified,The Commish (ProCappers),Soccer,Atlético Madrid vs Real Madrid,total_goals,Over,2.5,,2026-09-20,2026-09-20,,https://procappers.com/article/free-sports-picks-for-today-september-20-2026,,401882865,WIN,true,"ATM 2, RMA 1 (3 goals)",https://www.espn.com/soccer/report/_/gameId/401882865,,manual,post-time-unconfirmed;price-unstated;manual-grade,,12
ea3c0857eb8f21b65c47b8c2e47b0cd98931ac57162ecd3c93b554e075657fde,verified,Chris Hatfield (Covers),CFB,Ole Miss Rebels @ Florida Gators,total,Over,59.5,,2026-09-26 11:25 ET,2026-09-26,,https://www.covers.com/ncaaf/ole-miss-vs-florida-prediction-picks-odds-today-sept-26-2026,,401856699,WIN,true,"Ole Miss Rebels 28, Florida Gators 52",https://www.espn.com/college-football/game/_/gameId/401856699,,manual,price-unstated,,95
ebb395129ace82957a6ad38ee485e55f707cb35a0e444cf25c3386ae07b291a0,verified,Dustin Saracini (Covers),NFL,Minnesota Vikings @ Tampa Bay Buccaneers,spread,Tampa Bay Buccaneers,1.5,,2026-09-21 15:37 ET,2026-09-27,,https://www.covers.com/nfl/vikings-vs-buccaneers-predictions-odds-early-leans-week-3-2026,,401872959,LOSS,true,"Minnesota Vikings 23, Tampa Bay Buccaneers 16",https://www.espn.com/nfl/game/_/gameId/401872959,,manual,price-unstated,,147
ec7323259cf5c8dcb6c928b25701bc6e8f8a32acedf076487015bd050c21d740,verified,Rob Paul (Covers),CFB,Clemson Tigers @ California Golden Bears,spread,California Golden Bears,1.5,,2026-09-25 15:24 ET,2026-09-25,,https://www.covers.com/ncaaf/friday-night-football-best-bets-week-4-2026,,401858234,LOSS,true,"Clemson Tigers 24, California Golden Bears 10",https://www.espn.com/college-football/game/_/gameId/401858234,,manual,price-unstated,,83
eecac5cea0c1b690397d5157634505fb061ce9f5262dd19d51343a8ea2959f23,verified,Jason Logan (Covers),NFL,Pittsburgh Steelers @ Cleveland Browns,spread,Pittsburgh Steelers,-2.5,,2026-09-29 22:16 ET,2026-10-01,2026-10-01 20:15 ET,https://www.covers.com/nfl/steelers-vs-browns-predictions-odds-early-leans-week-4-2026,,401872964,LOSS,true,"Pittsburgh Steelers 24, Cleveland Browns 27",https://www.espn.com/nfl/game/_/gameId/401872964,2026-10-02T11:46:00-04:00,auto-espn,price-unstated,,221
f129df2928d0882b161c8e81476aa605706bde2d3e2a514256596e32545968b1,verified,Ryan Minion (Action Network),MLB,Cincinnati Reds @ Atlanta Braves,spread (F5),Braves F5,-0.5,,2026-09-23 11:02 ET,2026-09-23,,https://www.actionnetwork.com/mlb/cincinnati-reds-vs-atlanta-braves-prediction-pick-mlb-odds-wednesday-september-23,,401817045,LOSS,true,"Cincinnati Reds 2, Atlanta Braves 3 [F5: CIN 1, ATL 0]",https://www.espn.com/mlb/game/_/gameId/401817045,,manual,price-unstated;partial-game;manual-grade,,208
f15ebb11671906b608d3de5d596d2daa7efa97d145720fc360834a2479c3bfdd,verified,Todd Cordell (Covers),MLB,Tampa Bay Rays @ New York Yankees,total,Over,6.5,,2026-09-24 10:27 ET,2026-09-24,,https://www.covers.com/mlb/rays-vs-yankees-prediction-picks-odds-thursday-9-24-2026,,401817064,WIN,true,"Tampa Bay Rays 4, New York Yankees 6",https://www.espn.com/mlb/game/_/gameId/401817064,,manual,price-unstated,,120
f40135cd62a0cdd7f364382636c7aad93f3befedfeebce5e7d26a29c582f1d9a,verified,Chris Bennett (RotoWire) / Rob Paul (Covers),CFB,Georgia @ Arkansas,spread,Georgia,-24.5,,2026-09-17 / Covers updated 2026-09-19,2026-09-19,,https://www.rotowire.com/cfootball/article/week-3-college-football-picks-best-bets-134905,https://www.covers.com/ncaaf/top-25-predictions-week-3-2026,401856686,WIN,true,"UGA 45, ARK 17",https://www.espn.com/college-football/game?gameId=401856686,,manual,price-unstated;manual-grade,,13
f5e73ece52874e27080b3666d7a3c2652923f7ed7fd8bf7700b2bf7c111cf93a,verified,Quinn Allen (Covers),MLB,Pittsburgh Pirates @ Detroit Tigers,moneyline,Detroit Tigers,,,2026-09-25 08:52 ET,2026-09-25,,https://www.covers.com/mlb/moneyline-picks-friday-9-25-2026,,401817077,WIN,true,"Pittsburgh Pirates 7, Detroit Tigers 8",https://www.espn.com/mlb/game/_/gameId/401817077,,manual,price-unstated,,35
f68c9075b3e8a7f5cc2a538590b7cf64abafd7317d9d101fa73ab4d22f334ddd,verified,Quinn Allen (Covers),MLB,Houston Astros @ Athletics,moneyline,Houston Astros,,,2026-09-24 10:56 ET,2026-09-24,,https://www.covers.com/mlb/moneyline-picks-thursday-9-24-2026,,401817070,WIN,true,"Houston Astros 7, Athletics 5",https://www.espn.com/mlb/game/_/gameId/401817070,,manual,price-unstated,,56
f76e99975fec578732ecc9cf099e8a64eb5f18ab0c604683812ccba65e7e7d44,verified,Jason Logan (Covers),NFL,New England Patriots @ Buffalo Bills,spread,Buffalo Bills,-6.5,,2026-09-28 23:47 ET,2026-10-04,,https://www.covers.com/nfl/predictions-to-bet-now-bet-later-week-4-2026,,,PENDING,false,Not final,,,,price-unstated,,224
f7b4b0d7ce352378bf9eb0c62484c97fbccbadfa2350385fe3af47496b5b2d98,verified,Quinn Allen (Covers),MLB,San Diego Padres @ Los Angeles Dodgers,moneyline,Los Angeles Dodgers,,,2026-09-24 10:56 ET,2026-09-24,,https://www.covers.com/mlb/moneyline-picks-thursday-9-24-2026,,401817071,LOSS,true,"San Diego Padres 4, Los Angeles Dodgers 2",https://www.espn.com/mlb/game/_/gameId/401817071,,manual,price-unstated,,58
f86de5615b3951840912764a91e74c7cd4089f5e78b515498a5e1b66872f3da7,verified,Todd Cordell (Covers),MLB,Milwaukee Brewers @ Philadelphia Phillies,total,Over,7.5,,2026-09-24 10:39 ET,2026-09-24,,https://www.covers.com/mlb/brewers-vs-phillies-prediction-picks-odds-thursday-9-24-2026,,401817062,LOSS,true,"Milwaukee Brewers 5, Philadelphia Phillies 1",https://www.espn.com/mlb/game/_/gameId/401817062,,manual,price-unstated,,118
f98d9443d63f919748c9d4ca58163f53e9f49c8414d6dce1cd1c3c815ab1041a,verified,Ryan Minion (Action Network),MLB,Washington Nationals @ Detroit Tigers,nrfi,NRFI,,-122,2026-09-23 10:53 ET,2026-09-23,,https://www.actionnetwork.com/mlb/washington-nationals-vs-detroit-tigers-prediction-pick-mlb-odds-wednesday-september-23,,401817051,WIN,true,"Washington Nationals 4, Detroit Tigers 2 [1st inning: WSH 0, DET 0]",https://www.espn.com/mlb/game/_/gameId/401817051,,manual,partial-game;manual-grade,,209
fae5f4cd996e29a208890b6112b2a52cb4c5b781a575a198cc3305090f2b4f0d,verified,Todd Cordell (Covers),MLB,Tampa Bay Rays @ New York Yankees,moneyline,New York Yankees,,,2026-09-23 10:08 ET,2026-09-23,,https://www.covers.com/mlb/rays-vs-yankees-prediction-picks-odds-wednesday-9-23-2026,,401817049,WIN,true,"Tampa Bay Rays 2, New York Yankees 9",https://www.espn.com/mlb/game/_/gameId/401817049,,manual,price-unstated,,125
fc861f1145f57f3fe13406e7042c8eef4a396e354877413b1d181bb0a1755d25,verified,Dustin Saracini (Covers),MLB,Cleveland Guardians @ Boston Red Sox,moneyline,Cleveland Guardians,,,2026-09-24 11:03 ET,2026-09-24,,https://www.covers.com/mlb/expert-picks-at-prediction-markets-thursday-sept-24-2026,,401817061,WIN,true,"Cleveland Guardians 1, Boston Red Sox 0",https://www.espn.com/mlb/game/_/gameId/401817061,,manual,price-unstated,,150
fd6f3260cbec31816b6789bc74766563acc2807b9fcf1a484963148098a363d7,verified,Rob Paul (Covers),CFB,Ohio State Buckeyes @ Iowa Hawkeyes,spread,Ohio State Buckeyes,-13.5,,2026-09-29 12:44 ET,2026-10-03,,https://www.covers.com/ncaaf/ohio-state-vs-iowa-prediction-picks-odds-early-leans-week-5-2026,,,PENDING,false,Not final,,,,price-unstated,,247
fe20ed10e61f70f6337399dcc3b7becd9e87124a53f1326526333e418f474665,verified,Quinn Allen (Covers),MLB,Arizona Diamondbacks @ Colorado Rockies,moneyline,Arizona Diamondbacks,,,2026-09-24 10:56 ET,2026-09-24,,https://www.covers.com/mlb/moneyline-picks-thursday-9-24-2026,,401817068,WIN,true,"Arizona Diamondbacks 12, Colorado Rockies 8",https://www.espn.com/mlb/game/_/gameId/401817068,,manual,price-unstated,,51
ff54679433d31f8e806fb61a2918623f1f04078f064ffe5d232e52179e8caf79,verified,Dustin Saracini (Covers),MLB,Chicago Cubs @ San Diego Padres,moneyline,San Diego Padres,,,2026-09-30 14:50 ET,2026-09-30,,https://www.covers.com/mlb/expert-picks-best-bets-wednesday-sept-30-2026,,401907975,WIN,true,"Chicago Cubs 1, San Diego Padres 4",https://www.espn.com/mlb/game/_/gameId/401907975,,manual,price-unstated,,219
ff91167aee14016657abce09d02d0f1fda9c96b09c4d66b04e996fc2c79b4f3e,verified,Rob Paul (Covers),CFB,LSU Tigers @ Ole Miss Rebels,total,Under,57.5,,2026-09-19 18:04 ET,2026-09-19,,https://www.covers.com/ncaaf/lsu-vs-ole-miss-prediction-picks-odds-tonight-sept-19-2026,,401856688,WIN,true,"LSU Tigers 24, Ole Miss Rebels 32",https://www.espn.com/college-football/game/_/gameId/401856688,,manual,price-unstated,,88
